"Timestamp","MAC address","Bar code number","Building location","Make","Model","Model #","Serial Number","Building","Asset Category ID","Employee name","Comments"
,,,"kitchen","Apple","iMac",,"G822930QMB6","Ames","desktop",,
1/4/2013 9:06:01,,,"TECH","IBM","THINKCENTRE","S51","LKPHR3X","Ames","Desktop",,
1/2/2013 13:26:20,,,"Tech","Dell","GX280",,"D7Z8P61","BAHS","Desktop","NA",
1/2/2013 13:57:59,,,"Tech","DELL","GX270",,"H89D641","BAHS","Desktop",,
1/2/2013 13:59:23,,,"TECH","DELL","GX280",,"GCG9P61","BAHS","Desktop",,
1/2/2013 13:59:48,,,"TECH","DELL","GX280",,"F0Z8P61","BAHS","Desktop",,
1/2/2013 14:01:43,,,"TECH","DELL","GX270",,"9FG9P61","BAHS","Desktop",,
1/2/2013 14:02:56,,,"TECH","DELL","GX280",,"JRJ9P61","BAHS","Desktop",,
1/2/2013 14:03:38,,,"TECH","DELL","GX280",,"5ZX9P61","BAHS","Desktop",,
1/4/2013 8:47:35,,,"TECH","DELL","GX280",,"7BZ8P61","BAHS","Desktop",,
1/4/2013 8:48:38,,,"TECH","DELL","GX280",,"FWJ9P61","BAHS","Desktop",,
1/4/2013 8:49:01,,,"TECH","DELL","GX280",,"2F0BP61","BAHS","Desktop",,
1/4/2013 8:49:55,,,"TECH","DELL","GX280",,"5PZ8P61","BAHS","Desktop",,
1/4/2013 8:50:25,,,"TECH","DELL","GX280",,"J0Z8P61","BAHS","Desktop",,
1/4/2013 8:50:53,,,"TECH","DELL","GX270",,"98DL641","BAHS","Desktop",,
1/4/2013 8:51:13,,,"TECH","DELL","GX270",,"HXBL641","BAHS","Desktop",,
1/4/2013 8:53:25,,,"TECH","DELL","GX280",,"4FZ8P61","BAHS","Desktop",,
1/4/2013 8:55:45,,,"TECH","DELL","GX270",,"BWBL641","BAHS","Desktop",,
1/4/2013 8:56:11,,,"TECH","DELL","GX270",,"864D641","BAHS","Desktop",,
1/4/2013 8:56:34,,,"TECH","DELL","GX280",,"CYCL641","BAHS","Desktop",,
1/4/2013 8:56:57,,,"TECH","DELL","GX270",,"5JRL641","BAHS","Desktop",,
1/4/2013 8:57:27,,,"TECH","DELL","GX270",,"626C641","BAHS","Desktop",,
1/4/2013 8:57:50,,,"TECH","DELL","GX270",,"D74D641","BAHS","Desktop",,
1/4/2013 8:58:12,,,"TECH","DELL","GX270",,"9B4D641","BAHS","Desktop",,
1/4/2013 8:59:45,,,"TECH","DELL","GX270",,"B6SL641","BAHS","Desktop",,
1/4/2013 9:00:06,,,"TECH","DELL","GX270",,"9MQC641","BAHS","Desktop",,
1/4/2013 9:00:30,,,"TECH","DELL","GX270",,"29D9641","BAHS","Desktop",,
1/4/2013 9:01:25,,,"TECH","DELL","GX270",,"9KLRL641","BAHS","Desktop",,
1/4/2013 9:01:45,,,"TECH","DELL","GX270",,"69DL641","BAHS","Desktop",,
1/4/2013 9:02:16,,,"TECH","DELL","GX270",,"3T6C641","BAHS","Desktop",,
1/4/2013 9:02:43,,,"TECH","DELL","GX270",,"9VBL641","BAHS","Desktop",,
1/4/2013 9:03:01,,,"TECH","DELL","GX270",,"ZYCL641","BAHS","Desktop",,
1/4/2013 9:03:24,,,"TECH","DELL","GX270",,"FT6C641","BAHS","Desktop",,
1/4/2013 9:04:13,,,"TECH","IBM","THINKCENTRE","S51","LKNKG0H","BAHS","Desktop",,
1/4/2013 9:04:35,,,"TECH","IBM","THINKCENTRE","S51","LKFRD5T","BAHS","Desktop",,
1/4/2013 9:06:20,,,"TECH","IBM","THINKCENTRE","S51","LKOKG1V","BAHS","Desktop",,
1/4/2013 9:07:17,,,"TECH","IBM","THINKCENTRE","S51","LKFLT9P","BAHS","Desktop",,
1/4/2013 9:07:36,,,"TECH","IBM","THINKCENTRE","S51","KCDX5C0","BAHS","Desktop",,
1/4/2013 9:08:17,,,"TECH","IBM","THINKCENTRE","S51","KCWCFBZ","BAHS","Desktop",,
1/4/2013 9:08:54,,,"TECH","IBM","THINKCENTRE","S51","LKYF9RL","BAHS","Desktop",,
1/4/2013 9:09:16,,,"TECH","IBM","THINKCENTRE","S51","KCWC5WK","BAHS","Desktop",,
1/4/2013 9:10:44,,,"TECH","IBM","THINKCENTRE","S51","KCWA7RC","BAHS","Desktop",,
1/4/2013 9:12:53,,,"TECH","IBM","THINKCENTRE","S51","KCWC1XN","BAHS","Desktop",,
1/4/2013 9:15:12,,,"TECH","IBM","THINKCENTRE","S51","LKFRD5N","BAHS","Desktop",,
1/4/2013 9:15:49,,,"TECH","IBM","THINKCENTRE","S51","LKFLD5P","BAHS","Desktop",,
1/4/2013 9:17:16,,,"TECH","IBM","THINKCENTRE","S51","LKPBK2B","BAHS","Desktop",,
1/4/2013 9:18:50,,,"TECH","IBM","THINKCENTRE","S51","LKLBX8K","BAHS","Desktop",,
1/4/2013 9:22:58,,,"LEARNING LAB","DELL","GX260",,"FPZ4821","BAHS","Desktop",,
1/4/2013 9:23:44,,,"LEARNING LAB","DELL","GX260",,"1LQPW21","BAHS","Desktop",,
1/4/2013 9:24:07,,,"LEARNING LAB","DELL","GX260",,"8RZ4821","BAHS","Desktop",,
1/4/2013 9:24:28,,,"LEARNING LAB","DELL","GX260",,"3QX4821","BAHS","Desktop",,
1/4/2013 9:53:52,,,"LEARNING LAB","DELL","GX260",,"10Y4821","BAHS","Desktop",,
1/4/2013 9:54:13,,,"LEARNING LAB","DELL","GX260",,"25Y4821","BAHS","Desktop",,
1/4/2013 9:55:18,,,"LEARNING LAB","DELL","GX260",,"9LX4821","BAHS","Desktop",,
1/4/2013 9:55:49,,,"LEARNING LAB","DELL","GX260",,"443N521","BAHS","Desktop",,
1/4/2013 9:57:34,,,"LEARNING LAB","DELL","GX260",,"5LQPW21","BAHS","Desktop",,
1/4/2013 9:57:55,,,"LEARNING LAB","DELL","GX260",,"HMQPW21","BAHS","Desktop",,
1/4/2013 9:58:21,,,"LEARNING LAB","DELL","GX260",,"6GZ4821","BAHS","Desktop",,
1/4/2013 9:58:56,,,"LEARNING LAB","DELL","GX260",,"33Z4821","BAHS","Desktop",,
1/4/2013 9:59:44,,,"LEARNING LAB","DELL","GX260",,"74Y4821","BAHS","Desktop",,
1/4/2013 10:00:03,,,"LEARNING LAB","DELL","GX260",,"2PX4821","BAHS","Desktop",,
1/4/2013 10:02:44,,,"LIBRARY","IBM","THINKCENTRE","S51","KLCAH76","BAHS","Desktop",,
1/4/2013 10:03:19,,,"LIBRARY","IBM","THINKCENTRE","S51","KLHC131","BAHS","Desktop",,
1/4/2013 10:03:43,,,"LIBRARY","IBM","THINKCENTRE","S51","99AP166","BAHS","Desktop",,
1/4/2013 10:04:14,,,"LIBRARY","IBM","THINKCENTRE","S51","KCFG5G9","BAHS","Desktop",,
1/4/2013 10:04:50,,,"LIBRARY","IBM","THINKCENTRE","S51","KCFG5A3","BAHS","Desktop",,
1/4/2013 10:05:25,,,"LIBRARY","IBM","THINKCENTRE","S51","KCGAH95","BAHS","Desktop",,
1/4/2013 10:05:47,,,"LIBRARY","IBM","THINKCENTRE","S51","KCFG4K4","BAHS","Desktop",,
1/4/2013 10:06:33,,,"LIBRARY","IBM","THINKCENTRE","S51","99APA51","BAHS","Desktop",,
1/4/2013 10:06:53,,,"LIBRARY","IBM","THINKCENTRE","S51","KLFWR05","BAHS","Desktop",,
1/4/2013 10:07:34,,,"LIBRARY","IBM","THINKCENTRE","S51","KCHCT56","BAHS","Desktop",,
1/4/2013 10:08:06,,,"LIBRARY","IBM","THINKCENTRE","S51","KLGAL19","BAHS","Desktop",,
1/4/2013 10:08:30,,,"LIBRARY","IBM","THINKCENTRE","S51","KCFL9R1","BAHS","Desktop",,
1/4/2013 10:08:51,,,"LIBRARY","IBM","THINKCENTRE","S51","KCFM1V4","BAHS","Desktop",,
1/4/2013 10:09:48,,,"LIBRARY","IBM","THINKCENTRE","S51","KCFM7W9","BAHS","Desktop",,
1/4/2013 10:10:11,,,"LIBRARY","IBM","THINKCENTRE","S51","KCDX5A2","BAHS","Desktop",,
1/4/2013 10:10:28,,,"LIBRARY","IBM","THINKCENTRE","S51","KLNRM68","BAHS","Desktop",,
1/4/2013 10:10:50,,,"LIBRARY","IBM","THINKCENTRE","S51","KCCT6N2","BAHS","Desktop",,
1/4/2013 10:11:08,,,"LIBRARY","IBM","THINKCENTRE","S51","KCDA3A0","BAHS","Desktop",,
1/4/2013 10:11:37,,,"LIBRARY","IBM","THINKCENTRE","S51","KLGAK89","BAHS","Desktop",,
1/4/2013 10:11:56,,,"LIBRARY","IBM","THINKCENTRE","S51","KLGAK40","BAHS","Desktop",,
1/4/2013 10:12:16,,,215,"IBM","THINKCENTRE","S51","LKFLT8B","BAHS","Desktop",,
1/4/2013 10:12:36,,,215,"IBM","THINKCENTRE","S51","LKFLV4H","BAHS","Desktop",,
1/4/2013 10:12:52,,,215,"IBM","THINKCENTRE","S51","LKFLV1B","BAHS","Desktop",,
1/4/2013 10:13:13,,,215,"IBM","THINKCENTRE","S51","LKFRF7N","BAHS","Desktop",,
1/4/2013 10:13:33,,,215,"IBM","THINKCENTRE","S51","LKLBZ4L","BAHS","Desktop",,
1/4/2013 10:13:52,,,215,"IBM","THINKCENTRE","S51","LKFRF7T","BAHS","Desktop",,
1/4/2013 10:14:21,,,216,"DELL","GX270",,"93FM64","BAHS","Desktop",,
1/4/2013 10:14:42,,,216,"DELL","GX280",,"4JX9P61","BAHS","Desktop",,
1/4/2013 10:15:33,,,216,"DELL","GX280",,"6LJ9P61","BAHS","Desktop",,
1/4/2013 10:15:55,,,216,"DELL","GX270",,"48DL641","BAHS","Desktop",,
1/4/2013 10:16:17,,,216,"DELL","GX270",,"36FM641","BAHS","Desktop",,
1/4/2013 10:16:36,,,216,"DELL","GX270",,"949D641","BAHS","Desktop",,
1/4/2013 10:17:12,,,216,"DELL","GX270",,"CW2M641","BAHS","Desktop",,
1/4/2013 10:17:29,,,216,"DELL","GX270",,"GR6C641","BAHS","Desktop",,
1/4/2013 10:17:50,,,217,"DELL","GX270",,"HJJP641","BAHS","Desktop",,
1/4/2013 10:18:09,,,217,"DELL","GX270",,"G7SL641","BAHS","Desktop",,
1/4/2013 10:18:35,,,217,"DELL","GX270",,"JMRL641","BAHS","Desktop",,
1/4/2013 10:18:53,,,217,"DELL","GX270",,"5QSC641","BAHS","Desktop",,
1/4/2013 10:19:15,,,217,"DELL","GX270",,"8MQPW21","BAHS","Desktop",,
1/4/2013 10:19:51,,,217,"DELL","GX260",,"2PZ4821","BAHS","Desktop",,
1/4/2013 10:20:10,,,219,"DELL","GX270",,"99DL641","BAHS","Desktop",,
1/4/2013 10:20:31,,,219,"DELL","GX270",,"GDZM641","BAHS","Desktop",,
1/4/2013 10:20:50,,,219,"DELL","GX270",,"D7SL641","BAHS","Desktop",,
1/4/2013 10:21:07,,,219,"DELL","GX270",,"2ZCL641","BAHS","Desktop",,
1/4/2013 10:21:26,,,220,"DELL","GX270",,"2YBL641","BAHS","Desktop",,
1/4/2013 10:21:44,,,220,"DELL","GX270",,"D3FL641","BAHS","Desktop",,
1/4/2013 10:22:05,,,220,"DELL","GX260",,"B3RPW21","BAHS","Desktop",,
1/4/2013 10:22:29,,,220,"DELL","GX270",,"BV6C641","BAHS","Desktop",,
1/4/2013 10:22:53,,,220,"DELL","GX270",,"3B55M641","BAHS","Desktop",,
1/4/2013 10:24:01,,,220,"DELL","GX260",,"5MHB821","BAHS","Desktop",,
1/4/2013 10:24:57,,,220,"DELL","GX260",,"FLQPW21","BAHS","Desktop",,
1/4/2013 10:25:20,,,220,"DELL","GX260",,"FQY4821","BAHS","Desktop",,
1/4/2013 10:26:17,,,220,"DELL","GX260",,"4PZ4821","BAHS","Desktop",,
1/4/2013 10:26:37,,,220,"DELL","GX260",,"25Z4821","BAHS","Desktop",,
1/4/2013 10:27:23,,,221,"DELL","GX270",,"H8SL641","BAHS","Desktop",,
1/4/2013 10:27:41,,,221,"IBM","THINKCENTRE","S51","KCFG4W3","BAHS","Desktop",,
1/4/2013 10:28:03,,,221,"DELL","GX270",,"4X2M641","BAHS","Desktop",,
1/4/2013 10:28:23,,,221,"DELL","GX270",,"F49D641","BAHS","Desktop",,
1/4/2013 10:28:41,,,221,"DELL","GX270",,"3PQC641","BAHS","Desktop",,
1/4/2013 10:28:58,,,221,"DELL","GX270",,"8MQC641","BAHS","Desktop",,
1/4/2013 10:29:13,,,221,"DELL","GX270",,"8D7C641","BAHS","Desktop",,
1/4/2013 10:29:30,,,221,"DELL","GX270",,"2KJP641","BAHS","Desktop",,
1/4/2013 10:29:59,,,206,"DELL","GX270",,"8D7C641","BAHS","Desktop",,
1/4/2013 10:30:21,,,206,"IBM","THINKCENTRE","S51","KLGCT41","BAHS","Desktop",,
1/4/2013 10:30:42,,,212,"DELL","GX260",,"HMJ9P61","BAHS","Desktop",,
1/4/2013 10:31:14,,,210,"DELL","GX270",,"8P2M641","BAHS","Desktop",,
1/4/2013 10:31:33,,,210,"DELL","GX260",,"1MHB821","BAHS","Desktop",,
1/4/2013 10:31:50,,,210,"DELL","GX260",,"H5RPW21","BAHS","Desktop",,
1/4/2013 10:32:49,,,210,"DELL","GX260",,"96Z4821","BAHS","Desktop",,
1/4/2013 10:33:10,,,210,"DELL","GX260",,"DPGB821","BAHS","Desktop",,
1/4/2013 10:34:17,,,210,"DELL","GX260",,"5NX4821","BAHS","Desktop",,
1/4/2013 10:35:09,,,210,"DELL","GX260",,"CKQPW21","BAHS","Desktop",,
1/4/2013 10:35:55,,,210,"DELL","GX260",,"3RZ4821","BAHS","Desktop",,
1/4/2013 10:36:15,,,210,"DELL","GX260",,"D5RPW21","BAHS","Desktop",,
1/4/2013 10:37:09,,,210,"DELL","GX260",,"H5Z4821","BAHS","Desktop",,
1/4/2013 10:37:48,,,109,"DELL","GX260",,"H6Z4821","BAHS","Desktop",,
1/4/2013 10:38:07,,,109,"DELL","GX260",,"G4Z4821","BAHS","Desktop",,
1/4/2013 10:38:22,,,109,"DELL","GX260",,"HMX4821","BAHS","Desktop",,
1/4/2013 10:38:41,,,109,"DELL","GX260",,"75RPW21","BAHS","Desktop",,
1/4/2013 10:39:35,,,"GUIDANCE","DELL","GX280",,"JDG9P61","BAHS","Desktop","MARYLOU HUTCHINS",
1/4/2013 10:40:05,,,101,"IBM","THINKCENTRE","S51","LKPHR3B","BAHS","Desktop",,
1/4/2013 10:40:43,,,117,"DELL","GX260",,"4CRX921","BAHS","Desktop",,
1/4/2013 10:41:02,,,117,"DELL","GX270",,"B8SL641","BAHS","Desktop",,
1/4/2013 10:41:50,,,117,"DELL","GX270",,"2MJP641","BAHS","Desktop",,
1/4/2013 10:42:12,,,117,"DELL","GX270",,"8MRL641","BAHS","Desktop",,
1/4/2013 10:42:27,,,119,"IBM","THINKCENTRE","S51","KLDA3F1","BAHS","Desktop",,
1/4/2013 10:42:45,,,119,"IBM","THINKCENTRE","S51","JCFM8D5","BAHS","Desktop",,
1/4/2013 10:43:32,,,119,"IBM","THINKCENTRE","S51","KLFWR21","BAHS","Desktop",,
1/4/2013 10:43:51,,,119,"DELL","GX260",,"1RGB821","BAHS","Desktop",,
1/4/2013 10:44:20,,,19,"IBM","THINKCENTRE","S51","KCGT2Y5","BAHS","Desktop",,
1/4/2013 10:44:36,,,119,"IBM","THINKCENTRE","S51","KCDX6B2","BAHS","Desktop",,
1/4/2013 10:44:53,,,119,"IBM","THINKCENTRE","S51","KLGAK01","BAHS","Desktop",,
1/4/2013 8:34:56,,,"SWIFT","IBM","THINKCENTRE","S51","KCFM278","BCOPE","Desktop",,
1/4/2013 8:35:22,,,"SWIFT","IBM","THINKCENTRE","S51","KCFG4H7","BCOPE","Desktop",,
1/4/2013 8:36:24,,,"SWIFT","IBM","THINKCENTRE","S51","KCFM2K7","BCOPE","Desktop",,
1/4/2013 8:37:24,,,"HUTCHINGS","IBM","THINKCENTRE","S51","KLNRM78","BCOPE","Desktop",,
1/4/2013 8:37:46,,,"HUTCHINGS","IBM","THINKCENTRE","S51","KCFL9R5","BCOPE","Desktop",,
1/4/2013 8:38:20,,,"HUTCHINGS","IBM","THINKCENTRE","S51","KCFG4G6","BCOPE","Desktop",,
1/4/2013 8:38:46,,,"SULLIVAN","IBM","THINKCENTRE","S51","KCDX5A8","BCOPE","Desktop",,
1/4/2013 8:39:14,,,"SULLIVAN","IBM","THINKCENTRE","S51","KCDY6B4","BCOPE","Desktop",,
1/4/2013 8:44:28,,,"SULLIVAN","IBM","THINKCENTRE","S51","KCFR0A2","BCOPE","Desktop",,
1/4/2013 8:44:56,,,"OFFICE","IBM","THINKCENTRE","S51","DZ2M641","BCOPE","Desktop",,
1/2/2013 14:31:00,,,"sdhs","Apple","Macbook","a1181","unknown","cass","laptop",,"black macbook. has no label, so serial #  unknown. came from cass. on repair shelf."
,,,"kitchen","Dell","Optiplex gx260",,,"CASS","desktop",,
,,,"kitchen",,"UT1870-2000",,80400550,"CASS","desktop",,"POS terminal"
,,,"kitchen","Apple","iMac",,"G8229317MB6","E. Belfast","desktop",,
,,,"Hallway","Apple","iBook","G4","4H5080H5RER","FES","Laptop",,
,,,"Hallway","Apple","iBook","G4","4H5080F2RER","FES","Laptop",,
,,,"Hallway","Apple","iBook","G4","UV4490AFRCR","FES","Laptop",,
,,,"Hallway","Apple","iBook","G4","UV4490ERRCR","FES","Laptop",,
,,,"Hallway","Apple","iBook","G4","UV4490D7RCR","FES","Laptop",,
,,,"Hallway","Apple","iBook","G4","UV4490BXRCR","FES","Laptop",,
,,,"Hallway","Apple","iBook","G4","UV4490DVRCR","FES","Laptop",,
,,,"Hallway","Apple","iBook",,8,"FES","Laptop",,
,,,"Hallway","Apple","iBook","G4","UV4490H5RCR","FES","Laptop",,
,,,"Hallway","Apple","iBook","G4","UV449018RCR","FES","Laptop",,
,,,"Hallway","Apple","iBook","G4","UV44900PRCR","FES","Laptop",,
,,,"Hallway","Apple","iBook","G4","UV4490H0RCR","FES","Laptop",,
,,,"Hallway","Apple","iBook","G4","UV4490P5RCR","FES","Laptop",,
,,,"Hallway","Apple","iBook","G4","UV4490LPRCR","FES","Laptop",,
,,,"Hallway","Apple","iBook","G4","UV4490LQRCR","FES","Laptop",,
,,,"Hallway","Apple","iBook","G3","UV2285BEM4R","FES","Laptop",,
,,,"Hallway","Apple","iBook","G3","UV2285JQM4R","FES","Laptop",,
,,"EE Z 71","Hallway","Xerox","Phaser",6180,"DPX333133","FES","printer",,
,,1858,"Hallway","Gestetner",,"P7527n","Q3266703983","FES","printer",,
,,,"Hallway","Apple","iBook","G4","4H532003SEB","FES","Laptop",,
,,,"Hallway","Apple","iBook","G3","UV22858KM4R","FES","Laptop",,
,,,"Hallway","Apple","iBook","G4","4H5430MXSEB","FES","Laptop",,
,,,"Hallway","Apple","iBook","G3","UV223YS1N60","FES","Laptop",,
,,,"Hallway","Apple","iBook","G3","UV2285AHM4R","FES","Laptop",,
,,,"Hallway","Apple","iBook","G3","UV3222DNPS1","FES","Laptop",,
,,,"Hallway","Apple","iBook","G3","UV228570M4R","FES","Laptop",,
,,,"Hallway","Apple","iBook","G4","UV44108ES02","FES","Laptop",,
,,,"Hallway","Apple","iBook","G3","UV2285FTM4R","FES","Laptop",,
,,,"Hallway","Apple","iBook","G4","UV44100JS03","FES","Laptop",,
,,,"Hallway","Apple","iBook","G3","UV3232EKPS1","FES","Laptop",,
,,,"Hallway","Apple","iBook","G4","4H5430NUSEB","FES","Laptop",,
,,,"Hallway","Apple","iBook","G3","UV3232BBPS1","FES","Laptop",,
,,,"Hallway","Apple","iBook",,37,"FES","Laptop",,
,,,"Hallway","Apple","iBook","G4","4H5430GCSEB","FES","Laptop",,
,,,"Hallway","Apple","iBook","G4","4H5430P6SEB","FES","Laptop",,
,,,"Hallway","Apple","iBook","G3","UV3233F6PS1","FES","Laptop",,
,,,"Hallway","Apple","iBook","G3","UV3232AEPS1","FES","Laptop",,
,,,"Hallway","Apple","iBook","G4","4H532012SEB","FES","Laptop",,
,,,"Hallway","Apple","iBook","G4","4H5430N5SEB","FES","Laptop",,
,,,"Baker","HP","Business Inkjet","1200n",,"FES","printer",,
,,1767,"Gatcomb","HP","DeskJet",6127,,"FES","printer",,
,,,"Sped","HP","SFF","dc5850","MXL9220M6","FES","desktop",,
,,,"Sped","HP","LaserJet",1020,"CNBKS50676","FES","printer",,
,,,"Sped","HP","SFF","dc5850","MXL9220LMT","FES","desktop",,
,,,"main office","Toshiba","E-Studio","e-450","CVF416954","FES","copier",,
,,1364,"main office","HP","LaserJet",2100,,"FES","printer",,
,,,"main office","Micron","ClientPro","P4",,"FES","desktop",,
,,,"kitchen","HP",,"nx6110","CNU618174K","FES","Laptop",,
,,1139,"kitchen","HP","DeskJet","960c",,"FES","printer",,
,,,"principals office","Apple","Macbook",,"W87347B4Z5V","FES","Laptop",,
,,,"principals office","NEC",,"NP 300","9501332EJ","FES","projector",,
,,1952,"library","Toshiba",,"TLP-XE30",,"FES","projector",,
,,,"library","inFocus","PBM","AA0021","BFTM151A1124","FES","projector",,
,,1783,"library","HP","ScanJet","5550c",,"FES","scanner",,
,,1789,"library","ArchAngel","custom","P4",,"FES","desktop",,
,,1762,"library","Dell","Dimension","XPS R350",,"FES","desktop",,
,,1202,"library","Micron","ClientPro","P4",,"FES","desktop",,
,,,"kitchen","Apple","iMac",,"YM1283L5LFB","Nickerson","desktop",,
12/21/2012 15:20:00,,,"SDHS","epson  ","perfection 640u",,"CUQX001690","SDHS","scanner","Nancy Raymond",
12/22/2012 15:20:00,,,"SDHS","ricoh  ","aficio ap 3200",,"p3540700031","SDHS","printer","Nancy Raymond",
12/23/2012 15:20:00,,,"SDHS","nec ","np510",,"NP510   0201493FB","SDHS","projector","Nancy Raymond",
12/24/2012 15:20:00,,,"SDHS","micron","millenia",,"2584516-0001","SDHS","desktop","Jeff Shula",
12/25/2012 15:20:00,,1043,"SDHS","micron","clientpro",,"3213255-0001","SDHS","desktop","Jeff Shula",
12/26/2012 15:20:00,,,"SDHS","lexmark","e234n",,"720XYY5","SDHS","printer","Jeff Shula",
12/27/2012 15:20:00,,1899,"SDHS","linksys",,,"REF20G806978","SDHS","switch","Jeff Shula",
12/28/2012 15:20:00,,,"SDHS","epson  ","perfection 1650",,"DR7X052847","SDHS","scanner","Keith Dunson",
12/29/2012 15:20:00,,,"SDHS","micron","clientpro",,"3807982-0001","SDHS","desktop","Keith Dunson",
12/30/2012 15:20:00,,,"SDHS","hp","compaq dc5100sff",,"MXL53702NN","SDHS","desktop","Keith Dunson",
,,,"SDHS","lexmark","e234n",,"720Y9LV","SDHS","printer","Keith Dunson",
,,,"SDHS","hp  ","Jetdirect 170x",,"J3258-61032","SDHS","print server","Keith Dunson",
,,1923,"SDHS","linksys",,,"REF20H418852","SDHS","switch","Keith Dunson",
,,,"SDHS","hp ","pprocurve",,"SG22700466","SDHS","switch","maintenance closet",
,,,"SDHS","hp ","laserjet 1100",,"USPF064325","SDHS","printer","Clair Guse",
,,,"SDHS","hp","jetdirect ex plus 3",,"sg63410510","SDHS","print server","Clair Guse",
,,,"SDHS","nec ","VT595",,"VT595   7503498FD","SDHS","projector","Clair Guse",
,,,"SDHS","dell","optiplex gx260",,"82Y4821","SDHS","desktop","Maura Diprete",
,,,"SDHS","nec ","NP310",,"NP310   9901268FA","SDHS","projector","Maura Diprete",
,,,"SDHS","dlink",,,"0143E1B65804","SDHS","switch","Maura Diprete",
,,,"SDHS","micron ","clientpro",,"3213231-0001","SDHS","desktop","Old ATM room",
,,,"SDHS","micron","clientpro",,"3213242-0001","SDHS","desktop","Old ATM room",
,,1033,"SDHS","micron","clientpro",,"3092366-0001","SDHS","desktop","Leslie Gregory",
,,1614,"SDHS","micron","clientpro",,"3215291-0001","SDHS","desktop","Leslie Gregory",
,,,"SDHS","micron","clientpro",,"3301335-0001","SDHS","desktop","Leslie Gregory",
,,,"SDHS","archangel",,,,"SDHS","desktop","Leslie Gregory",
,,,"SDHS","archangel",,,,"SDHS","desktop","Leslie Gregory",
,,,"SDHS","netgear ","fs116",,"FS16B24078492","SDHS","switch","Leslie Gregory",
,,1125,"SDHS","hp ","laserjet 4050n",,"USBC105896","SDHS","printer","Leslie Gregory",
,,,"SDHS","epson  ","perfection 610",,"BYXX069337","SDHS","scanner","Leslie Gregory",
,,,"SDHS","infocus ",,,"ARKC61904227","SDHS","projector","Bill George",
,,1828,"SDHS","lexmark","e234n",,"720Y3Z5","SDHS","printer","Bill George",
,,,"SDHS","micron","clientpro",,"3213198-0001","SDHS","desktop","Bill George",
,,,"SDHS","linksys",,,"R913048017240","SDHS","switch","Bill George",
,,1735,"SDHS","dell"," inspiron 5100",,"4ZZ2R31","SDHS","laptop","Lawrene Blair",
,,,"SDHS","smartboard",,,"sb680-r1-012757","SDHS","smartboard","Lawrene Blair",
,,1045,"SDHS","micron","clientpro",,"3213252-0001","SDHS","desktop","Lawrene Blair",
,,,"SDHS","hp","Laserjet 1200",,"CNCQ410541","SDHS","printer","Lawrene Blair",
,,,"SDHS","hp","Jetdirect 170x",,"SG511E21A4","SDHS","print server","Lawrene Blair",
,,,"SDHS","linksys",,,"REF10F3021042","SDHS","switch","Lawrene Blair",
,,1049,"SDHS","micron","clientpro",,"3213256-0001","SDHS","desktop","Lawrene Blair",
,,1053,"SDHS","micron","clientpro",,"3213199-0001","SDHS","desktop","Jean Lawlis",
,,1891,"SDHS","brother","hl 2070n",,"U61230G7J411844","SDHS","printer","Jean Lawlis",
,,,"SDHS","linksys",,,"REF10F3021037","SDHS","switch","Jean Lawlis",
,,1944,"SDHS","acer ","aspire 5315",,83603178316,"SDHS","laptop","Afterschool",
,,,"SDHS","hp ","jetdirect 170x",,"J3258-61032","SDHS","print server","Kristen Tripp",
,,1170,"SDHS","hp","Laserjet 1100",,"USPF064326","SDHS","printer","Kristen Tripp",
,,1000,"SDHS","nec ","vt440",,"07003669c","SDHS","projector","Kristen Tripp",
,,,"SDHS","hp ","laserjet 2300dtn",,"CNBGG50330","SDHS","printer","Guy Hamlin",
,,,"SDHS","dell","2300mp",,"D53Y751","SDHS","projector","Guy Hamlin","not sure if this is ours."
,,,"SDHS","hp ","laserjet 4100n",,"USGNH01993","SDHS","printer","Jim McGinn",
,,,"SDHS","daktech ",,,"SN 010226036","SDHS","desktop","Jim McGinn",
,,,"SDHS","linksys",,,"R913048017243","SDHS","switch","Jim McGinn",
,,,"SDHS","micron","clientpro",,"3092370-0001","SDHS","desktop","Jim McGinn",
,,1037,"SDHS","micron","clientpro",,"3213251-0001","SDHS","desktop","Jim McGinn",
,,1963,"SDHS","toshiba"," tlp-xe30",,49342344,"SDHS","projector","Crystal Jackins",
,,,"SDHS","hp","Laserjet 1200",,"CNCY226836","SDHS","printer","Crystal Jackins",
,,,"SDHS","hp","jetdirect 170x",,"J3258-61032","SDHS","print server","Crystal Jackins",
,,1949,"SDHS","toshiba","tlp-xe30",,49343934,"SDHS","projector","Chris Goosman",
,,,"SDHS","hp","Deskjet 5150",,"MY38D3P0SP7A","SDHS","printer","Chris Goosman",
,,,"SDHS","micron","clientpro",,"3213245-0001","SDHS","desktop","Leanne Groening",
,,,"SDHS","hp","laserjet 2300d",,"FCNBGG60089","SDHS","scanner","Leanne Groening",
,,,"SDHS","epson  ","perfection 1660 ",,"ETAW081053","SDHS","scanner","Leanne Groening",
,,,"SDHS","umax","1220u",,"H8600694W504136","SDHS","scanner","Leanne Groening",
,,,"SDHS","linksys",,,"REF20G806976","SDHS","switch","Leanne Groening",
,,,"SDHS","micron","clientpro",,"3404100-0001","SDHS","desktop","Crystal Priestly",
,,,"SDHS","hp","Laserjet 4050",,"USBC015815","SDHS","printer","Crystal Priestly",
,,,"SDHS","hp","Laserjet 1200",,"CNCB865293","SDHS","printer","Brian Campbell",
,,1801,"SDHS","hp","compaq dc5100sff",,"2UA5040B4T","SDHS","desktop","Christine Guerette",
,,,"SDHS","hp","laserjet 4300dtn",,"CNGY301739","SDHS","printer","Christine Guerette",
,,1032,"SDHS","hp","Laserjet 1200",,"CNCB816108","SDHS","printer","Ruth Fitzpatrick",
,,,"SDHS","ibm ","8183-36u",,"1S818336UKCDX7T4","SDHS","desktop","SDHS computer lab",
,,,"SDHS","ibm ","8184-36u",,"1S818336UKLFRX96","SDHS","desktop","SDHS computer lab",
,,,"SDHS","ibm ","8185-36u",,"1S818336UKCDX7T5","SDHS","desktop","SDHS computer lab",
,,,"SDHS","ibm ","8186-36u",,"1S818336UKLFRX62","SDHS","desktop","SDHS computer lab",
,,,"SDHS","ibm ","8187-36u",,"336UKCFG5H9","SDHS","desktop","SDHS computer lab",
,,,"SDHS","ibm ","8188-36u",,"1S818336UKCCT6P5","SDHS","desktop","SDHS computer lab",
,,,"SDHS","ibm ","8189-36u",,"1S818336UKCFG5G4","SDHS","desktop","SDHS computer lab",
,,,"SDHS","ibm ","8190-36u",,"1S818336UKCFG4K5","SDHS","desktop","SDHS computer lab",
,,,"SDHS","ibm ","8191-36u",,"1S818336UKLGAH25","SDHS","desktop","SDHS computer lab",
,,,"SDHS","ibm ","8192-36u",,"1S818336UKLHCT29","SDHS","desktop","SDHS computer lab",
,,,"SDHS","ibm ","8193-36u",,"1S818336UKCFL9P4","SDHS","desktop","SDHS computer lab",
,,,"SDHS","ibm ","8194-36u",,"1S818336UKCDX7R7","SDHS","desktop","SDHS computer lab",
,,,"SDHS","ibm ","8195-36u",,"1S818336UKCFG4H8","SDHS","desktop","SDHS computer lab",
,,,"SDHS","ibm ","8196-36u",,"1S818336UKCDX6W9","SDHS","desktop","SDHS computer lab",
,,,"SDHS","ibm ","8197-36u",,"1S818336UKCFG4W6","SDHS","desktop","SDHS computer lab",
,,,"SDHS","ibm ","8198-36u",,"1S818336U99APV18","SDHS","desktop","SDHS computer lab",
,,,"SDHS","ibm ","8199-36u",,"1S818336UKCDX4X8","SDHS","desktop","SDHS computer lab",
,,,"SDHS","ibm ","8200-36u",,"1S818336UKLHCT37","SDHS","desktop","SDHS computer lab",
,,,"SDHS","ibm ","8201-36u",,"1S818336UKLGAL07","SDHS","desktop","SDHS computer lab",
,,,"SDHS","ibm ","8202-36u",,"1S818336UKLFWR09","SDHS","desktop","SDHS computer lab",
,,,"SDHS","epson  ","Perfection 1660",,"ETAW081057","SDHS","scanner","SDHS computer lab",
,,1763,"SDHS","archangel",,,,"SDHS","desktop","SDHS library",
,,,"SDHS","linksys",,,"REF10F916401","SDHS","switch","SDHS library",
,,,"SDHS","hp","scanjet 5200c",,"SG914131KRHT","SDHS","scanner","SDHS library",
,,,"SDHS","archangel",,,,"SDHS","desktop","SDHS library",
,,,"SDHS","archangel",,,,"SDHS","desktop","SDHS library",
,,,"SDHS","apple","ibook",,"4H631G77VR3","SDHS","laptop","SDHS library","check out"
,,,"SDHS","apple","ibook",,"4H631KJSVR3","SDHS","laptop","SDHS library","check out"
,,,"SDHS","daktech ",,,"SN 010212020","SDHS","desktop","SDHS room 19",
,,1160,"SDHS","gateway","e-3200",,10512270,"SDHS","desktop","SDHS room 19",
,,1793,"SDHS","cisco",1700,,,"SDHS","router","SDHS room 19",
,,,"SDHS","hp compaq","Presario 5000",,"9125JC4ZL218","SDHS","desktop","SDHS room 19",
,,,"SDHS","micron","clientpro",,"3213241-0001","SDHS","desktop","SDHS room 19",
,,,"SDHS","hp compaq","deskpro en",,"6111DYSZA427","SDHS","desktop","SDHS room 19",
,,,"SDHS","hp compaq","deskpro en",,"6107DYSZE213","SDHS","desktop","SDHS room 19",
,,1004,"SDHS","micron","millenia",,"2393743-0001","SDHS","desktop","SDHS room 19",
,,,"SDHS","daktech ",,,"SN 010226032","SDHS","desktop","SDHS room 19",
,,1137,"SDHS","whitebox custom build",,,,"SDHS","desktop","SDHS room 19",
,,1821,"SDHS","daewoo",,,"909C2P72019","SDHS","desktop","SDHS room 19",
,,,"SDHS","ibm ","300gl",,"1S656160U23LKM60","SDHS","desktop","SDHS room 19",
,,,"SDHS","ibm ","301gl",,"1S656160U23LKP94","SDHS","desktop","SDHS room 19",
,,,"SDHS","ibm ","302gl",,"1S656160U23LKP05","SDHS","desktop","SDHS room 19",
,,,"SDHS","ibm ","303gl",,"1S656160U23LKH83","SDHS","desktop","SDHS room 19",
,,,"SDHS","ibm ","304gl",,"1S656160U23LKP78","SDHS","desktop","SDHS room 19",
,,,"SDHS","ibm ","305gl",,"1S656160U23LKL66","SDHS","desktop","SDHS room 19",
,,,"SDHS","ibm ","306gl",,"1S656160U23LKM73","SDHS","desktop","SDHS room 19",
,,,"SDHS","ibm ","307gl",,"1S656160U23LKH77","SDHS","desktop","SDHS room 19",
,,,"SDHS","ibm ","308gl",,"1S656160U23LKN66","SDHS","desktop","SDHS room 19",
,,,"SDHS","ibm ","309gl",,"1S627550U23A3593","SDHS","desktop","SDHS room 19",
,,,"SDHS","ibm ","310gl",,"1S656160U23LKL86","SDHS","desktop","SDHS room 19",
,,,"SDHS","ibm ","311gl",,"1S656160U78ADMXF","SDHS","desktop","SDHS room 19",
,,,"SDHS","ibm ","312gl",,"1S656160U23LKM67","SDHS","desktop","SDHS room 19",
,,,"SDHS","ibm ","313gl",,"1S627550U23A1266","SDHS","desktop","SDHS room 19",
,,,"SDHS","gateway","e-3400",,23313606,"SDHS","desktop","SDHS room 19","no serial #"
,,,"SDHS","whitebox custom build",,,,"SDHS","desktop","SDHS room 19",
,,,"SDHS","gateway","e-3400",,23313658,"SDHS","desktop","SDHS room 19",
,,,"SDHS","gateway","e-3200",,10512268,"SDHS","desktop","SDHS room 19",
,,,"SDHS","dsr",,,"9905leo1355d2a0c033","SDHS","desktop","SDHS room 19",
,,,"SDHS","daktech ",,,"SN 010212012","SDHS","desktop","SDHS room 19",
,,,"SDHS","daktech ",,,"SN 010212010","SDHS","desktop","SDHS room 19",
,,1369,"SDHS","daktech ",,,516020,"SDHS","desktop","SDHS room 19",
,,1688,"SDHS","daktech ",,,"SN 010212023","SDHS","desktop","SDHS room 19",
,,,"SDHS","whitebox custom build",,,"ECSZ010115","SDHS","desktop","SDHS room 19",
,,1766,"SDHS","dell","xps d300",,"CXJ5T","SDHS","desktop","SDHS room 19",
,,1298,"SDHS","hp","pavilion xt938",,"MX13870649","SDHS","desktop","SDHS room 19",
,,,"SDHS","whitebox custom build",,,,"SDHS","desktop","SDHS room 19","no serial #"
,,,"SDHS","whitebox custom build",,,,"SDHS","desktop","SDHS room 19","no serial #"
,,,"SDHS","dell","Dimension 2350",,"H6WZ721","SDHS","desktop","SDHS room 19",
,,1645,"SDHS","ibm ","netvista",,"1S6350XX123ZX336","SDHS","desktop","SDHS room 19",
,,1754,"SDHS","dell","dimension xps r400",,"H31R0","SDHS","desktop","SDHS room 19",
,,,"SDHS","dsr",,,,"SDHS","desktop","SDHS room 19","no serial #,no case"
,,,"SDHS","dsr",,,109116848,"SDHS","desktop","SDHS room 19",
,,1764,"SDHS","archangel",,,,"SDHS","desktop","SDHS room 19",
,,,"SDHS","dell","xps t450",,"U6XWF","SDHS","desktop","SDHS room 19",
,,1148,"SDHS","dell","dimension xps r350",,"C78F001","SDHS","desktop","SDHS room 19",
,,,"SDHS","dell","Dimension 4100",,"8NZK201","SDHS","desktop","SDHS room 19",
,,1351,"SDHS","micron","millenia",,"2393735-0001","SDHS","desktop","SDHS room 19",
,,1012,"SDHS","micron","millenia",,"2393742-0001","SDHS","desktop","SDHS room 19",
,,1815,"SDHS","dell","Dimension 2350",,"JK2ZW21","SDHS","desktop","SDHS room 19",
,,,"SDHS","hp compaq","dx2000m",,"MXD4500DX2","SDHS","desktop","SDHS room 19",
,,1765,"SDHS","hp","Laserjet 1150",,"CNBB085381","SDHS","printer","SDHS room 19",
,,1481,"SDHS","hp","Laserjet 1200",,"CNBQ058281","SDHS","printer","SDHS room 19",
,,1092,"SDHS","hp","Laserjet 1100",,"USPD063127","SDHS","printer","SDHS room 19",
,,1028,"SDHS","hp","Laserjet 1100",,"USPD061306","SDHS","printer","SDHS room 19",
,,1782,"SDHS","hp","Deskjet 6127",,"MY3993B27J5C","SDHS","printer","SDHS room 19",
,,,"SDHS","hp","Psc 1350",,"MY44QD82BS9F","SDHS","printer","SDHS room 19",
,,,"SDHS","oki",,,"AE61002785B0","SDHS","printer","SDHS room 19",
,,1274,"SDHS","hp","Laserjet 1100",,"USPF062503","SDHS","printer","SDHS room 19",
,,,"SDHS","hp","Laserjet 1000",,,"SDHS","printer","SDHS room 19",
,,1520,"SDHS","micron","clientpro",,"3404096-0001","SDHS","desktop","SDHS room 19",
,,,"Room 7","Gateway","EN","P3",,"SDHS","Desktop",,"from BAHS"
,,,"Room 7","Gateway","EN","P3",,"SDHS","Desktop",,"from BAHS"
,,,"Room 7","Gateway","EN","P3",,"SDHS","Desktop",,"from BAHS"
,,,"Room 7","Gateway","EN","P3",,"SDHS","Desktop",,"from BAHS"
,,,"Room 7","Gateway","EN","P3",,"SDHS","Desktop",,"from BAHS"
,,,"Room 7","Gateway","EN","P3",,"SDHS","Desktop",,"from BAHS"
,,,"Room 7","Gateway","EN","P3",,"SDHS","Desktop",,"from BAHS"
,,,"Room 7","Gateway","EN","P3",,"SDHS","Desktop",,"from BAHS"
,,,"Room 7","Gateway","EN","P3",,"SDHS","Desktop",,"from BAHS"
,,,"Room 7","Gateway","EN","P3",,"SDHS","Desktop",,"from BAHS"
,,,"Room 7","Gateway","EN","P3",,"SDHS","Desktop",,"from BAHS"
,,,"Room 1","Ricoh","Aficio",,"Q0246701942","SDHS","Printer",,"from BAHS"
,,,1,"Richo","Aficio",,"Q0246701942","SDHS","printer",,
,,,1,"Archangel","P4",,,"SDHS","desktop",,
,,27842,1,"Epson","EMP-S1H",,"FWDG4X0790F","SDHS","projector",,
,,30087,1,"Apple","iBook","G4","4H5430N4SEB","SDHS","laptop",,
,,30124,1,"Apple","iBook","G4","4H5430PVSEB","SDHS","laptop",,
,,1135,3,"HP","Deskjet","960c",,"SDHS","printer",,
,,"EE P 78",3,"Lexmark","e234n",,,"SDHS","printer",,
,,1176,3,"?",,,,"SDHS","desktop",,
,,,3,"Linksys","5 port gigabit",,"RDU1058000271","SDHS","switch",,
,,,3,"HP","JetDirect","310x","SG3A1A547B","SDHS","print server",,
,,1897,3,"NEC","vt595",,"VT595   7503492FD","SDHS","projector",,
,,,3,"Asus","v247",,"C8LMTF090075","SDHS","lcd monitor",,
,,,3,"Epson","Perfection","V30","LLGW053768","SDHS","scanner",,
,,,5,"Micron","ClientPro","P4",,"SDHS","desktop",,
,,1157,5,"Micron","ClientPro","P4",,"SDHS","desktop",,
,,"EE P 51",5,"Lexmark","e234n",,,"SDHS","printer",,
,,,5,"Apple","Macbook","Mid-2009","4594500ZA9P","SDHS","laptop",,
,,,5,"Apple","Macbook","Mid-2009","459451B8A9P","SDHS","laptop",,
,,1907,"suite","HP","JetDirect","170x","SG633171BA","SDHS","print server",,
,,"EE P 70","suite","Lexmark","e234n",,,"SDHS","printer",,
,,,"suite","HP","SFF","DC5100","MXL523083H","SDHS","desktop",,
,,,"suite","Linksys","5 port gigabit",,"RDU1057000291","SDHS","switch",,
,,"EE P 87",9,"Lexmark","e234n",,,"SDHS","printer",,
,,,9,"Toshiba","TLP-XE30",,49342495,"SDHS","projector",,
,,,9,"SmartBoard",,,"Sb560-50888","SDHS","smart board",,
,,"EE P 65",11,"Lexmark","e234n",,,"SDHS","printer",,
,,,11,"Epson","ex21",,"M6BF050599L","SDHS","projector",,
,,,11,"Sony","Vid-P110",,71699,"SDHS","document camera",,
,,"EE P 62","guidance","HP","LaserJet","1320tn",,"SDHS","printer",,
,,,"guidance","Asus","vw224",,"A5LMTF065387","SDHS","lcd monitor",,
,,1051,"guidance","Micron","ClientPro","P4",,"SDHS","desktop",,
,,"EE P 64","guidance","HP","LaserJet",1200,,"SDHS","printer",,
,,,"guidance","Toshiba","E-Studio","523t","CIC613560","SDHS","copier",,
,,,"hs teacher room","Toshiba","E-Studio","523t","CZE829410","SDHS","copier",,
,,,"hs teacher room","Xerox","Phaser","8550DP","WYP131488","SDHS","printer",,
,,1827,"kitchen","Lexmark","e234n",,,"SDHS","printer",,
,,,"kitchen","Dell","Dimension",3000,,"SDHS","desktop",,
,,,"music","HP","LaserJet",1200,"CNC4034629","SDHS","printer ",,
,,,"library","Toshiba","E-Studio",452,"CID616254","SDHS","copier",,
,,"EE P 79","library","Lexmark","e234n",,,"SDHS","printer",,
,,,"library","Intel","Atom","custom build",,"SDHS","desktop",,
,,,"library","Micron","ClientPro","P4",,"SDHS","desktop",,
,,"FF Q 96","library","Xerox","Phaser",6360,,"SDHS","printer",,
,,1044,7,"Micron","ClientPro","P4",,"SDHS","desktop",,
,,1443,7,"Micron","ClientPro","P4",,"SDHS","desktop",,
,,1439,7,"Micron","ClientPro","P4",,"SDHS","desktop",,
,,1440,7,"Micron","ClientPro","P4",,"SDHS","desktop",,
,,1178,7,"Micron","ClientPro","P4",,"SDHS","desktop",,
,,1211,7,"Micron","ClientPro","P4",,"SDHS","desktop",,
,,1198,7,"Micron","ClientPro","P4",,"SDHS","desktop",,
,,1196,7,"Micron","ClientPro","P4",,"SDHS","desktop",,
,,1368,7,"Micron","ClientPro","P4",,"SDHS","desktop",,
,,1091,7,"Micron","ClientPro","P4",,"SDHS","desktop",,
,,1199,7,"Micron","ClientPro","P4",,"SDHS","desktop",,
,,,7,"Micron","ClientPro","P4",,"SDHS","desktop",,
,,,7,"Micron","ClientPro","P4",,"SDHS","desktop",,
,,1210,7,"Micron","ClientPro","P4",,"SDHS","desktop",,
,,,7,"Micron","ClientPro","P4",,"SDHS","desktop",,
,,1448,7,"Micron","ClientPro","P4",,"SDHS","desktop",,
,,,7,"Richo","Aficio","AP400N","Q0246701961","SDHS","printer",,
,,1448,7,"Micron","ClientPro","P4",,"SDHS","desktop",,
,,1445,7,"Micron","ClientPro","P4",,"SDHS","desktop",,
,,1441,7,"Micron","ClientPro","P4",,"SDHS","desktop",,
,,,7,"Dell","Optiplex","GX280",,"SDHS","desktop",,
,,1019,7,"Dell","Millenia","P3",,"SDHS","desktop",,
,,1700,7,"DakTech",,"P3",,"SDHS","desktop",,
,,,7,"HP","ProCurve","4000M","SG00601519","SDHS","switch",,
,,1292,7,"DakTech",,"P3",,"SDHS","desktop",,
,,1197,7,"Micron","ClientPro","P4",,"SDHS","desktop",,
,,,7,"Gateway","AMD Athalon",,,"SDHS","desktop",,
,,,7,"Dell","Optiplex","GX280",,"SDHS","desktop",,
,,,7,"IBM","ThinkCentre",,"1S818336UKCFL9P7","SDHS","desktop",,
,,,7,"IBM","ThinkCentre",,"1S818336UKCFP9X8","SDHS","desktop",,
,,1034,7,"Micron","ClientPro","P4",,"SDHS","desktop",,
,,1449,7,"Micron","ClientPro","P4",,"SDHS","desktop",,
,,,7,"Micron","ClientPro","P4",,"SDHS","desktop",,
,,,7,"Micron","ClientPro","P4",,"SDHS","desktop",,
,,,7,"Micron","ClientPro","P4",,"SDHS","desktop",,
,,1450,7,"Micron","ClientPro","P4",,"SDHS","desktop",,
,,,7,"Dell","Millenia","P3",,"SDHS","desktop",,
,,1052,7,"Micron","ClientPro","P4",,"SDHS","desktop",,
,,1055,7,"Micron","ClientPro","P4",,"SDHS","desktop",,
,,1778,7,"Micron","ClientPro","P3",,"SDHS","desktop",,
,,,7,"Micron","ClientPro","P4",,"SDHS","desktop",,
,,,7,"Micron","ClientPro","P3",,"SDHS","desktop",,
,,1317,7,"HP","Pavilion",,,"SDHS","desktop",,
,,,7,"AlphaServer",300,,,"SDHS","desktop",,
,,,7,"AlphaServer",300,,,"SDHS","desktop",,
,,,7,"NEC","P3",,,"SDHS","desktop",,
,,,7,"HP","Pavilion","x1938",,"SDHS","desktop",,
,,,7,"Compaq","Persario","Celeron",,"SDHS","desktop",,
,,,7,"Apple","PowerMac",,"XA90708TEWD","SDHS","desktop",,
,,1507,7,"Apple","PowerMac",,"XB0201E2J2S","SDHS","desktop",,
,,1022,7,"HP","Color LaserJet","8550N",,"SDHS","printer",,
,,1009,7,"Dell","Millenia","P3",,"SDHS","desktop",,
,,,7,"Compaq","Persario","5WV280",,"SDHS","desktop",,
,,1833,7,"Daewoo","P3",,,"SDHS","desktop",,
,,1010,7,"Dell","Millenia","P3",,"SDHS","desktop",,
,,1380,7,"Dell","Millenia","P3",,"SDHS","desktop",,
,,1168,7,"Micron","ClientPro","P4",,"SDHS","desktop",,
,,,7,"Micron","ClientPro","P4",,"SDHS","desktop",,
,,1455,7,"Micron","ClientPro","P4",,"SDHS","desktop",,
,,1698,7,"DakTech","P3",,,"SDHS","desktop",,
,,1662,7,"DakTech","P3",,,"SDHS","desktop",,
,,1692,7,"DakTech","P3",,,"SDHS","desktop",,
,,1056,7,"DakTech","P3",,,"SDHS","desktop",,
,,1697,7,"DakTech","P3",,,"SDHS","desktop",,
,,1451,7,"Micron","ClientPro","P4",,"SDHS","desktop",,
,,1770,7,"Dell","Dimension","XPS R450",,"SDHS","desktop",,
,,1494,7,"Dell","Millenia","P3",,"SDHS","desktop",,
,,1454,7,"Micron","ClientPro","P4",,"SDHS","desktop",,
,,1123,7,"Dell","Dimension","XPS R450",,"SDHS","desktop",,
,,,7,"Dell","Optiplex","GX270",,"SDHS","desktop",,
,,,7,"Dell","Millenia","P3",,"SDHS","desktop",,
,,1014,7,"Dell","Millenia","P3",,"SDHS","desktop",,
,,,7,"HP","ProCurve","420 na","SCN805YY02P","SDHS","WAP",,
,,,7,"HP","ProCurve","420 na","SCN805YY00H","SDHS","WAP",,
,,,7,"HP","ProCurve","420 na","SCN805YY045","SDHS","WAP",,
,,,7,"HP","ProCurve","420 na","SCN744YY0DB","SDHS","WAP",,
,,,7,"HP","ProCurve","420 na","SCN805YY04A","SDHS","WAP",,
,,,7,"HP","ProCurve","420 na","SCN805YY04F","SDHS","WAP",,
,,,7,"HP","ProCurve","420 na","SCN723YY0DJ","SDHS","WAP",,
,,,7,"HP","ProCurve","420 na","SCN805YY07B","SDHS","WAP",,
,,,7,"HP","ProCurve","420 na","SCN805YY048","SDHS","WAP",,
,,,7,"HP","ProCurve","420 na","SCN805YY03P","SDHS","WAP",,
,,,7,"HP","ProCurve","420 na","SCN805YY001","SDHS","WAP",,
,,,7,"HP","ProCurve","420 na","SCN749YY02V","SDHS","WAP",,
,,,7,"HP","ProCurve","420 na","SCN725YY00Y","SDHS","WAP",,
,,,7,"Dell","Dimension","XPS R450",,"SDHS","desktop",,
,,1503,7,"?",,,,"SDHS","desktop",,
,,1748,7,"Archangel","P4",,,"SDHS","desktop",,
,,,7,"Archangel","P4",,,"SDHS","desktop",,
,,1379,7,"DakTech","P3",,,"SDHS","desktop",,
,,,7,"Micron","ClientPro","P4",,"SDHS","desktop",,
,,,7,"Micron","ClientPro","P4",,"SDHS","desktop",,
,,,7,"Micron","ClientPro","P4",,"SDHS","desktop",,
,,,7,"Micron","ClientPro","P4",,"SDHS","desktop",,
,,,7,"Micron","ClientPro","P4",,"SDHS","desktop",,
,,,7,"Micron","ClientPro","P4",,"SDHS","desktop",,
,,,7,"Micron","ClientPro","P4",,"SDHS","desktop",,
,,,7,"DakTech","P3",,,"SDHS","desktop",,
,,,7,"DakTech","P3",,,"SDHS","desktop",,
,,,7,"DakTech","P3",,,"SDHS","desktop",,
,,,7,"DakTech","P3",,,"SDHS","desktop",,
,,,7,"Micron","ClientPro","P4",,"SDHS","desktop",,
,,,7,"Micron","ClientPro","P4",,"SDHS","desktop",,
,,,7,"Micron","ClientPro","P4",,"SDHS","desktop",,
,,,7,"Micron","ClientPro","P4",,"SDHS","desktop",,
,,,7,"Micron","ClientPro","P4",,"SDHS","desktop",,
,,,7,"Micron","ClientPro","P4",,"SDHS","desktop",,
,,,7,"Micron","ClientPro","P4",,"SDHS","desktop",,
,,,7,"Micron","ClientPro","P4",,"SDHS","desktop",,
,,,7,"Micron","ClientPro","P4",,"SDHS","desktop",,
,,,7,"Micron","ClientPro","P4",,"SDHS","desktop",,
,,1149,7,"HP","LaserJet",5000,,"SDHS","printer",,
,,"8HBNV71","kitchen office","Dell","Dimension",3000,,"SDHS/MS","desktop",,
,,,"kitchen",,,,"T102I0414","SDHS/MS","desktop",,"POS terminal"
,,,"kitchen",,,,"T102I0387","SDHS/MS","desktop",,"POS terminal"
,,,"SDMS","hp","Laserjet 1200",,"CNCY226865","SDMS","printer","Lorraine Nolet",
,,1050,"SDMS","micron","clientpro",,"3213258-0001","SDMS","desktop","Lorraine Nolet",
,,,"SDMS","hp","jetdirect 170x",,"J6038-60001","SDMS","print server","Lorraine Nolet",
,,,"SDMS","lexmark ","e234n",,"72258ZX","SDMS","printer","SDMS Nurse",
,,,"SDMS","ibm ","8183-36u",,"1S818336UKCFG4Z9","SDMS","desktop","SDMS computer lab",
,,,"SDMS","ibm ","8184-36u",,"1S818336UKCGT3T3","SDMS","desktop","SDMS computer lab",
,,,"SDMS","ibm ","8185-36u",,"1S818336UKCDX6Y2","SDMS","desktop","SDMS computer lab",
,,,"SDMS","ibm ","8186-36u",,"1S818336U99ARH74","SDMS","desktop","SDMS computer lab",
,,,"SDMS","ibm ","8187-36u",,"1S818336UKCDX7R4","SDMS","desktop","SDMS computer lab",
,,,"SDMS","ibm ","8188-36u",,"1S818336UKCFG4D3","SDMS","desktop","SDMS computer lab",
,,,"SDMS","ibm ","8189-36u",,"1S818336UKLGAH06","SDMS","desktop","SDMS computer lab",
,,,"SDMS","ibm ","8190-36u",,"1S818336UKLGAL34","SDMS","desktop","SDMS computer lab",
,,,"SDMS","ibm ","8191-36u",,"1S818336UKCFG5K8","SDMS","desktop","SDMS computer lab",
,,,"SDMS","ibm ","8192-36u",,"1S818336UKCFG4F6","SDMS","desktop","SDMS computer lab",
,,,"SDMS","ibm ","8193-36u",,"1S818336UKCFM2T6","SDMS","desktop","SDMS computer lab",
,,,"SDMS","ibm ","8194-36u",,"1S818336UKLGAH53","SDMS","desktop","SDMS computer lab",
,,,"SDMS","ibm ","8195-36u",,"1S818336UKLGAK85","SDMS","desktop","SDMS computer lab",
,,,"SDMS","ibm ","8196-36u",,"1S818336UKCFG5H6","SDMS","desktop","SDMS computer lab",
,,,"SDMS","ibm ","8197-36u",,"1S818336UKCCT4W6","SDMS","desktop","SDMS computer lab",
,,,"SDMS","ibm ","8198-36u",,"1S818336UKCFM7M7","SDMS","desktop","SDMS computer lab",
,,,"SDMS","ibm ","8199-36u",,"1S818336UKCFG5A5","SDMS","desktop","SDMS computer lab",
,,,"SDMS","ibm ","8200-36u",,"1S818336UKCFG4C6","SDMS","desktop","SDMS computer lab",
,,,"SDMS","ibm ","8201-36u",,"1S818336UKCFG4B8","SDMS","desktop","SDMS computer lab",
,,,"SDMS","ibm ","8202-36u",,"1S818336UKLGAH81","SDMS","desktop","SDMS computer lab",
,,,"SDMS","hp","scanjet 5550c",,"CN44VS741V1Q","SDMS","scanner","SDMS computer lab",
,,,"SDMS","xerox","phaser 6360",,,"SDMS","printer","SDMS computer lab",
,,,"SDMS","micron","clientpro",,"3404099-0001","SDMS","desktop","SDMS computer lab",
,,1787,"SDMS","archangel",,,,"SDMS","desktop","SDMS computer lab",
,,,"SDMS","acer ","veritron",,"PS0074404524700027EH00","SDMS","desktop","SDMS computer lab",
,,1806,"SDMS","hp","compaq dc5100sff",,"2UA5040B4X","SDMS","desktop","SDMS computer lab",
,,,"SDMS","micron","clientpro",,"3404097-0001","SDMS","desktop","Sue Capwell",
,,,"SDMS","infocus ","in3916",,"BFTM151A1300","SDMS","projector","Sue Capwell",
,,,"SDMS","smartboard",,,"sb680-r1-014073","SDMS","smartboard","Amanda Pullen",
,,,"SDMS","hp","compaq",,"CNU504FZPM","SDMS","laptop","Amanda Pullen",
,,1785,"SDMS","archangel",,,,"SDMS","desktop","Amanda Pullen",
,,,"SDMS","lexmark","e234n",,"720Y97R","SDMS","printer","Katie Legere",
,,1906,"SDMS","linksys",,,"REF20G806977","SDMS","switch","Katie Legere",
,,,"SDMS","apple","airport base station",,"6F62603ATTU","SDMS","wap","Katie Legere",
,,,"SDMS","apple","macbook",,"w87345sez5v","SDMS","laptop","Katie Legere","weather data"
,,,"SDMS","canon","Lide 110",,"KEBA35635M","SDMS","scanner","Katie Legere",
,,,"SDMS","infocus ","x2",,"AMMC534A5119","SDMS","projector","Jessica Longstreet",
,,,"SDMS","ibm ","300gl",,"11S03K9613ZJ17AH058528","SDMS","wap","Jessica Longstreet",
,,,"SDMS","hp","Laserjet 1200",,"CNCY226875","SDMS","printer","Sam Runco",
,,,21,"SmartBoard",,,"B012DJ19J1478","SDMS","SmartBoard",,"w/ projector"
,,,22,"NEC",,"vt670","5701328FG","SDMS","projector",,
,,"EE P 41",22,"HP","LaserJet",1200,,"SDMS","printer",,
,,"EE P 43",23,"HP","LaserJet",1200,,"SDMS","printer",,
,,,23,"Micron","ClientPro","P4",,"SDMS","desktop",,
,,,"teachers room","Toshiba","E-Studio","e-523t","CZE829390","SDMS","copier",,
,,12811,"teachers room","inFocus",,"X2","AMMC534A5125","SDMS","projector",,
,,1903,3,"Brother",,"HL-2070n",,"SDMS","projector",,
,,,3,"SmartBoard",,,"SB680-020824","SDMS","SmartBoard",,"w/ projector"
,,"EE Z 72",4,"Brother",,"HL-2170w",,"SDMS","printer",,
,,,4,"Apple","Macbook",,"4594514EA9P","SDMS","laptop",,"Sped spare"
,,,4,"Apple","Macbook",,"45945146FA9P","SDMS","laptop",,"Sped Macdictate"
,,1036,5,"HP","LaserJet",1200,,"SDMS","printer",,
,,"EE L 39",6,"Brother",,"HL-40c",,"SDMS","printer","Pathways",
,,,7,"Micron","ClientPro","P4",,"SDMS","desktop","Pathways",
,,1048,8,"Micron","ClientPro","P4",,"SDMS","desktop",,
,,1047,8,"Micron","ClientPro","P4",,"SDMS","desktop",,
,,1215,8,"HP","LaserJet",4050,,"SDMS","printer",,
,,1020,8,"Dell","Mellenia","P3",,"SDMS","desktop",,
,,"EE P 47",9,"Lexmark",,"e234n",,"SDMS","printer",,
,,,9,"Dell","Optiplex","GX260",,"SDMS","desktop",,
,,1615,9,"Micron","ClientPro","P4",,"SDMS","desktop",,
,,,9,"Xerox","Phaser",3250,,"SDMS","printer",,
,,,9,"EnoBoard",,"E2810 A",,"SDMS","EnoBoard",,"w/ projector"
,,,"SES","micron","clientpro",,"3807944-0001","SES","desktop","Stacy Brown-Banks",
,,,"SES","hp","officejet k550",,"MY5CD221MQV2","SES","printer","Stacy Brown-Banks",
,,,"SES","apple","airport base station",,"HS5133G5Q4N","SES","Wap","Pre-K",
,,,"SES","savin","cp131dn",,,"SES","printer","Main office",
,,,"SES","dell","optiplex gx260",,"D2Z4821","SES","desktop","Main office",
,,1727,"SES","hp","Laserjet 1200",,"CNCY226880","SES","printer","Main office",
,,,"SES","apple","ibook g3",,"UV2285J2M4R","SES","laptop","ses bottom floor kid cow",
,,,"SES","apple","ibook g4",,"4H532024SEB","SES","laptop","ses bottom floor kid cow",
,,,"SES","apple","ibook g3",,"UV223Z0LN6P","SES","laptop","ses bottom floor kid cow",
,,,"SES","apple","ibook g3",,"UV2284WDM4R","SES","laptop","ses bottom floor kid cow",
,,,"SES","apple","ibook g4",,"4H5430JJSEB","SES","laptop","ses bottom floor kid cow",
,,,"SES","apple","ibook g3",,"UV44107GS02","SES","laptop","ses bottom floor kid cow",
,,,"SES","apple","ibook g4",,"4H631DKDVR3","SES","laptop","ses bottom floor kid cow",
,,,"SES","apple","ibook g3",,"UV2285DDM4R","SES","laptop","ses bottom floor kid cow",
,,,"SES","apple","ibook g3",,"UV32324MPS1","SES","laptop","ses bottom floor kid cow",
,,,"SES","apple","ibook g3",,"UV2285GCM4R","SES","laptop","ses bottom floor kid cow",
,,,"SES","apple","ibook g4",,"4H5430NFSEB","SES","laptop","ses bottom floor kid cow",
,,,"SES","apple","ibook g3",,"UV231ZK5NBC","SES","laptop","ses bottom floor kid cow",
,,,"SES","apple","ibook g3",,"UV4490CDRCR","SES","laptop","ses bottom floor kid cow",
,,,"SES","apple","ibook g4",,"4H5430K4SEB","SES","laptop","ses bottom floor kid cow",
,,,"SES","apple","ibook g4",,"4h5430nqseb","SES","laptop","ses bottom floor kid cow",
,,,"SES","apple","ibook g4",,"4H5430K5SEB","SES","laptop","ses bottom floor kid cow",
,,,"SES","apple","ibook g3",,"UV3220HHPS1","SES","laptop","ses bottom floor kid cow",
,,,"SES","apple","ibook g3",,"uv3232cnps1","SES","laptop","ses bottom floor kid cow",
,,,"SES","apple","ibook g3",,"uv3232e5ps1","SES","laptop","ses bottom floor kid cow",
,,,"SES","hp","Laserjet 1100",,"USPG060605","SES","printer","ses bottom floor kid cow",
,,,"SES","dlink","Dp-g321",,"BA2V367501123","SES","print server","ses bottom floor kid cow",
,,,"SES","nec ",-260,,"3500001fu","SES","projector","ses library",
,,,"SES","bytespeed",,,,"SES","desktop","ses library",
,,,"SES","apple","macbook",,"w8924z59gu","SES","laptop","ses music room",
,,1200,"SES","micron","clientpro",,"3213212-0001","SES","dek","Laurie Ireland",
,,,"SES","hp","Compaq nx6125",,"CND60318MZ","SES","laptop","Tim Schroder",
,,,"SES","hp","laserjet 2300d",,"CNBGG72188","SES","printer","Tim Schroder",
,,1657,"SES","micron","clientpro",,"3403184-0001","SES","desktop","Tim Schroder",
,,,"SES","hp","compaq dc5100sff",,"MXL5230830","SES","desktop","Sue Bryant",
,,,"SES","brother","Hl 2040",,"U61229E6J599152","SES","printer","Sue Bryant",
,,,"SES","apple","ibook g4",,"4H53201KSEB","SES","laptop","Karen Keniston",
,,,"SES","apple","ibook g4",,"4H631HC3VR3","SES","laptop","Mary Alden",
,,,"SES","hp","Laserjet 1100",,"USPD061152","SES","printer","Lisa Manning",
,,,"SES","hp","jetdirect 170x",,"SG65302718","SES","printer",,
,,,"SES","hp","Deskjet 6127",,"MY4C94B0SF5C","SES","printer","Christie Wood",
,,,"SES","apple","ibook g4",,"4H53200CSEB","SES","laptop","Title 1 - Marcia Williams",
,,,"SES","apple","ibook g4",,"4H631FNAVR3","SES","laptop","Title 1 - Brenda Holweger",
,,,"SES","hp","deskjet 940c",,"MX23G6F1X9BH","SES","printer","Nancy Desmond (?)",
,,,"library lab","Dell","Optiplex","gx260","8PZ4821","SES","desktop",,
,,,"library lab","Dell","Optiplex","gx260","BMX4821","SES","desktop",,
,,,"library lab","Dell","Optiplex","gx260","5PZ4821","SES","desktop",,
,,,"library lab","Dell","Optiplex","gx260","FQZ4821","SES","desktop",,
,,,"library lab","Dell","Optiplex","gx260","5KX4821","SES","desktop",,
,,,"library lab","Dell","Optiplex","gx260","JKX4821","SES","desktop",,
,,,"library lab","Dell","Optiplex","gx260","8YX4821","SES","desktop",,
,,,"library lab","Dell","Optiplex","gx260","85RPW21","SES","desktop",,
,,,"library lab","Dell","Optiplex","gx260","JZY4821","SES","desktop",,
,,,"library lab","Dell","Optiplex","gx260","GMHB821","SES","desktop",,
,,,"library lab","Dell","Optiplex","gx260","4MQPW21","SES","desktop",,
,,,"library lab","Dell","Optiplex","gx260","3QZ4821","SES","desktop",,
,,,"library lab","Dell","Optiplex","gx260","8PQPW21","SES","desktop",,
,,,"library lab","Dell","Optiplex","gx260","JPSC641","SES","desktop",,
,,,"library lab","Dell","Optiplex","gx270","CN137403BM01D9","SES","desktop",,
,,,"library lab","Dell","Optiplex","gx260","14Y4821","SES","desktop",,
,,,"library lab","Dell","Optiplex","gx270","CN1374042402P8","SES","desktop",,
,,,"library lab","Dell","Optiplex","gx270","CN698612BT8418","SES","desktop",,
,,,"library lab","Dell","Optiplex","gx260","F1Y4821","SES","desktop",,
,,,"Hallway (upstairs)","Apple","iBook","G4","4H5430J4SEB","SES","Laptop",,
,,,"Hallway (upstairs)","Apple","iBook","G3","UV3232E2PS1","SES","Laptop",,
,,,"Hallway (upstairs)","Apple","iBook","G3","UV3232AFPS1","SES","Laptop",,
,,,"Hallway (upstairs)","Apple","iBook","G3","UV2285H0M4RJ","SES","Laptop",,
,,,"Hallway (upstairs)","Apple","iBook","G4","4H631HKAVR3","SES","Laptop",,
,,,"Hallway (upstairs)","Apple","iBook","G4","4H5430EXSEB4","SES","Laptop",,
,,,"Hallway (upstairs)","Apple","iBook","G3","UV32324APS1","SES","Laptop",,
,,,"Hallway (upstairs)","Apple","iBook","G3","UV3227G1PS1","SES","Laptop",,
,,,"Hallway (upstairs)","Apple","iBook","G3","UV3232CMPS1","SES","Laptop",,
,,,"Hallway (upstairs)","Apple","iBook","G4","4H5430MLSEB","SES","Laptop",,
,,,"Hallway (upstairs)","Apple","iBook","G3","UV3232BFPS1","SES","Laptop",,
,,,"Hallway (upstairs)","Apple","iBook","G3","UV2285G5M4R","SES","Laptop",,
,,,"Hallway (upstairs)","Apple","iBook","G3","UV3232ADPS1","SES","Laptop",,
,,,"Hallway (upstairs)","Apple","iBook","G3","UV223YXMN6P","SES","Laptop",,
,,,"Hallway (upstairs)","Apple","iBook","G3","UV32320MPS1","SES","Laptop",,
,,,"Hallway (upstairs)","Apple","iBook","G3","UV3232N9PS1","SES","Laptop",,
,,,"Hallway (upstairs)","Apple","iBook","G3","UV32324DPS1","SES","Laptop",,
,,,"Hallway (upstairs)","Apple","iBook","G3","UV32328HPS1","SES","Laptop",,
,,,"Hallway (upstairs)","Apple","iBook","G3","UV3232CKPS1","SES","Laptop",,
,,,"Hallway (upstairs)","Apple","iBook","G3","UV3225WPPS1","SES","Laptop",,
,,,"Hallway (upstairs)","Apple","iBook","G4","4H5430K6SEB","SES","Laptop",,
,,,"Hallway (upstairs)","Apple","iBook","G4","4H5430L8SEB","SES","Laptop",,
,,,"Hallway (upstairs)","Apple","iBook","G3","UV2285D2M4R","SES","Laptop",,
,,,"Hallway (upstairs)","Apple","iBook","G3","UV22857PM4R","SES","Laptop",,
,,,"Hallway (upstairs)","Apple","iBook","G3","UV22857RM4R","SES","Laptop",,
,,,"Hallway (upstairs)","Apple","iBook","G3","UV228599M4R","SES","Laptop",,
,,,"Hallway (upstairs)","Apple","iBook","G3","UV2297EQM4R","SES","Laptop",,
,,,"Hallway (upstairs)","Apple","iBook","G3","UV2313C0M4R","SES","Laptop",,
,,,"Hallway (upstairs)","Apple","iBook","G3","UV2285FWM4R","SES","Laptop",,
,,,"Hallway (upstairs)","Apple","iBook","G3","UV22856XM4R","SES","Laptop",,
,,,"Hallway (upstairs)","Apple","iBook","G3","UV2285V1M4R","SES","Laptop",,
,,,"Hallway (upstairs)","Apple","iBook","G3","UV3232A7PS1","SES","Laptop",,
,,,"Hallway (upstairs)","Apple","iBook","G4","4H5430NMSEB","SES","Laptop",,
,,,"Hallway (upstairs)","Apple","iBook","G3","UV2285AXM4R","SES","Laptop",,
,,,"Hallway (upstairs)","Apple","iBook","G4","4H5430LPSEB","SES","Laptop",,
,,,"Hallway (upstairs)","Apple","iBook","G3","UV314ZHAP94","SES","Laptop",,
,,,"Hallway (upstairs)","Apple","iBook","G3","UV228572M4R","SES","Laptop",,
,,,"Hallway (upstairs)","Apple","iBook","G4","4H5430FYSEB","SES","Laptop",,
,,,"Hallway (upstairs)","Apple","iBook","G3","UV2285HSM4R","SES","Laptop",,
,,,"Hallway (upstairs)","Apple","iBook","G3","UV2285JRM4R","SES","Laptop",,
,,,"Hallway (upstairs)","Apple","iBook","G3","UV323012PS2","SES","Laptop",,
,,,"Hallway (upstairs)","Apple","iBook","G3","UV32324KPS1","SES","Laptop",,
,,,"Hallway (upstairs)","Apple","iBook","G3","UV3232DYPS1","SES","Laptop",,
,,,"Hallway (upstairs)","Apple","iBook","G3","UV2285JWM4R","SES","Laptop",,
,,,"Hallway (upstairs)","Apple","iBook","G3","UV3232DTPS1","SES","Laptop",,
,,,"Hallway (upstairs)","Apple","iBook","G3","UV32328CPS1","SES","Laptop",,
,,,"Hallway (upstairs)","Apple","iBook","G3","UV3233F8PS1","SES","Laptop",,
,,,"Hallway (upstairs)","Apple","iBook","G3","UV3232DWPS1","SES","Laptop",,
,,,"Hallway (upstairs)","Apple","iBook","G3","UV3300AVNDF","SES","Laptop",,
,,,"Hallway (upstairs)","Apple","iBook","G3","UV2285JCM4R","SES","Laptop",,
,,,"Hallway (upstairs)","Apple","iBook","G3","UV323261PS1","SES","Laptop",,
,,,"Hallway (upstairs)","Apple","iBook","G3","UV2272CLM4R","SES","Laptop",,
,,,"Hallway (upstairs)","Apple","iBook","G3","UV2771LBM4R","SES","Laptop",,
,,,"Hallway (upstairs)","Apple","iBook","G3","UV2285JPM4R","SES","Laptop",,
,,"EE L 36","Hallway (upstairs)","HP","LaserJet","4050n",,"SES","printer",,
,,"EE L 34","Hallway (upstairs)","HP","LaserJet",1100,,"SES","printer",,
,,1768,"Gilmore","HP","DeskJet",6127,,"SES","printer",,
,,,"Guidance","HP","LaserJet",1100,"USGN085881","SES","printer",,
,,1058,"Guidance","HP","LaserJet",1200,,"SES","printer",,
,,,"Bucklin","HP","SFF","dc7100","2UA5040B4V","SES","desktop",,
,,"EE P 99","Bucklin","HP","LaserJet",1150,,"SES","printer",,
,,,"Bucklin","Dell","Optiplex","GX260",,"SES","desktop",,
,,,"Bucklin","Dell","Optiplex","GX260",,"SES","desktop",,
,,"EE P 98","Bucklin","HP","LaserJet",1150,,"SES","printer",,
,,,"Farrar","HP","DeskJet",6127,,"SES","printer",,
,,,"upstairs conf.","Toshiba","E-Studio","e-452","CID616248","SES","printer",,
12/21/2012 15:20:09,"N/A","L10293A","Tech Director's office","HP","Laserjet","4L","L10293A","Special Services office (6 Mortland Rd)","Printer","Bob Bradford","None"
,,,"main office","HP","SFF","6000 Pro","2UA1230287","Sped Office","desktop",,
,,,"main office","Asus",,"VH236 H","ABLMTF074571","Sped Office","lcd monitor",,
,,"GG G 60","main office","Xerox","Phaser",6360,,"Sped Office","printer",,
,,,"main office","Toshiba","E-Studio","e-452","CIC614821","Sped Office","copier",,
,,,"Sharon's office","Acer",,"x23h",884483452088,"Sped Office","lcd monitor",,
,,,"main office","Asus",,"vw224","A8LMTF089252","Sped Office","lcd monitor",,
,,,"main office","Intel","Atom","custom",,"Sped Office","desktop",,
,,,"main office","HP","SFF","dc5800","2UA9200TVK","Sped Office","desktop",,
,,"EE L 33","main office","HP","LaserJet","4200n",,"Sped Office","printer",,
,,,"main office","Lenovo","ThinkPad","4239-46U","1S423946UR9EYR96","Sped Office","laptop",,
,,,"server room","Netgear",,"FS116",,"Sped Office","switch",,
,,,"server room","Netgear",,"FS105",,"Sped Office","switch",,
,,,"server room","Linksys",,"8 port",,"Sped Office","switch",,
,,,"server room","HP","Xeon",,,"Sped Office","server",,
,,,"server room","Dell","Dimension","XPS R350",,"Sped Office","server",,
,,,"server room","IBM",,"300 GL",,"Sped Office","server",,
,,1844,"server room","Panasonic",,"KX-TDA50",,"Sped Office","phone system",,
,,"FF I 87","conf. Room","HP","LaserJet","2200dn",,"Sped Office","printer",,
,,,"conf. Room","Gateway","Mini desktop","NLX",,"Sped Office","desktop",,
,,,"conf. Room","Gateway","Mini desktop","NLX",,"Sped Office","desktop",,
,,,"library","Apple","iBook","G4","4H5080FDRER","SSES","laptop",,
,,,"library","Apple","iBook","G4","UV44903MRCR","SSES","laptop",,
,,,"library","Apple","iBook","G4","4H631L0UVR3","SSES","laptop",,
,,,"library","Apple","iBook","G4","4H5080LERER","SSES","laptop",,
,,,"library","Apple","iBook","G4","UV449040RCR","SSES","laptop",,
,,,"library","Apple","iBook","G4","UV441085S02","SSES","laptop",,
,,,"library","Apple","iBook","G4","4H5430NSSEB","SSES","laptop",,
,,,"library","Apple","iBook","G4","UV44901HRCR","SSES","laptop",,
,,,"library","Apple","iBook","G4","4H631G5FVR3","SSES","laptop",,
,,,"library","Apple","iBook","G4","UV44904LRCR","SSES","laptop",,
,,,"library","Apple","iBook","G4","4H5430NDSEB","SSES","laptop",,
,,,"library","Apple","iBook","G4","UV4490CPRCR","SSES","laptop",,
,,,"library","Apple","iBook","G4","UV4490BVRCR","SSES","laptop",,
,,,"library","Apple","iBook","G4","UV4490C7RCR","SSES","laptop",,
,,,"library","Apple","iBook","G4","UV44909DRCR","SSES","laptop",,
,,,"library","Apple","iBook","G4","UV4490MYRCR","SSES","laptop",,
,,,"library","Apple","iBook","G4","4H5430UPSEB","SSES","laptop",,
,,,"library","Apple","iBook","G4","UV4490Q5RCR","SSES","laptop",,
,,,"library","Apple","iBook","G4","4H631G3XVR3","SSES","laptop",,
,,,"library","Apple","iBook","G4","UV44900ZRCR","SSES","laptop",,
,,1895,"library","Apple","Macbook",,"W873420CZ5V","SSES","laptop",,
,,1861,"library","Xerox","WorkCentre","C2424","VVK021058","SSES","printer",,
,,,"library","MicroPro","ClientPro","P4",,"SSES","desktop",,
,,1379,"library","Gestetner",,"P7527N","Q2366704006","SSES","printer",,
,,,"library","Dell","Dimension","XPS D333",,"SSES","desktop",,
,,,"library","Linksys","WorkGroup","16-port",,"SSES","switch",,
,,1760,"library","HP","DeskJet",6127,,"SSES","printer",,
,,1761,"library","Archangel",,,,"SSES","desktop",,
,,,"library","MicroPro","ClientPro","P3",,"SSES","desktop",,
,,1757,"library","HP","ScanJet","5550c",,"SSES","scanner",,
,,,"storage","NEC",,"VT595","7503485FD","SSES","projector",,
,,,"storage","SmartBoard",,,"SB680-R1-012729","SSES","SmartBoard",,
,,"EE L 40","sped","Brother",,"HL-2070N",,"SSES","printer",,
,,,"sped","HP Compaq","SFF","dc5100","MXL5230837","SSES","desktop",,
,,1756,"sped","MicroPro","ClientPro","P4",,"SSES","desktop",,
,,,"hallway","Toshiba","E-Studio","e-520","CZE617687","SSES","copier",,
,,,"Classroom #1","Apple","iBook","G3","UV223Z1KN6P","SSES","laptop",,
,,,"Classroom #1","Apple","iBook","G3","UV314ZGLP94","SSES","laptop",,
,,,"Conf. Room","Toshiba","E-Studio","e-452","CID616255","SSES","copier",,
,,1908,"Principals office","HP Compaq","SFF","dc5750","MXL80508MJ","SSES","desktop",,
,,,"main office","MicroPro","ClientPro","P4",,"SSES","desktop",,
,,"DD F 82","main office","HP","LaserJet",4000,,"SSES","printer",,
,,,"comm closet","Linksys","Access Point","Wireless-G",,"SSES","WAP",,
,,1759,"comm closet","Dell","PowerConnect",3324,,"SSES","switch",,
,,,"comm closet","Cisco",,1841,452854,"SSES","router",,
,,1127,"comm closet","Dell","Dimension","XPS t700r",,"SSES","desktop",,
,,,"comm closet","Intel","Core 2 Duo",,,"SSES","server (camera)",,
,,,"comm closet","Netgear",,"FS108P",,"SSES","switch",,
,,"7HBNV71","kitchen","Dell","Dimension",3000,,"SSES","desktop",,
1/2/2013 13:58:44,"00:1f:29:34:f7:dd","None","Kitchen","HP","DX2400 Micro Tower","dx2400","MXM826015D","THMS","Desktop","Shirley Caler","Intel Pentium Dual E2180 @ 2.00 GHz, 1.20 GHz
Memory: 512 DDR3 SDRAM (PC3 6400) (issued with 512, currently has 1GB)
XP SP3, MS Office 2000"
1/2/2013 14:13:54,"70:71:bc:e8:6f:5f","None","Kitchen","Intel","Atom",,"[/21B6E1E2]","THMS","Desktop","Perley Martin","Custom build.
Serial came from the back of the main board.
Atom CPU D525@1.80 GHz
3.23GB RAM (4GB installed)
XP SP3"
1/2/2013 14:18:31,"00:60:e0:44:4a:c1","None","Kitchen","UTC Retail","UT ","UT1870-2000",80600962,"THMS","Other","POS","Celeron 1.5 GHz with 512 MB RAM
XP Sp3
Linksys USB wireless adapter: 00:18:F8:A6:C9:61"
1/2/2013 14:31:00,"00:60:e0:43:bb:a3","None","Kitchen","UTC Retail","UT ","UT1870-2000",80400629,"THMS","Other","POS","Intel Celeron, 1.5 GHz
512 MB RAM
XP SP3
Linksys USB Wireless Adapter: 00:1c:10:62:91:b3"
1/2/2013 14:31:00,,,"sdhs","Apple","ibook g4","a1133","4h631ljcvr3","thms","laptop",,"on repair shelf"
1/2/2013 14:31:00,,,"sdhs","apple","ibook g4","a1133","4H631GA9VR3","thms","laptop",,"on repair shelf"
1/2/2013 14:31:00,,,"sdhs","apple","ibook g4","a1054","UV4220VWR74","thms","laptop",,"on repair shelf"
1/3/2013 15:20:07,,"5TSBQ71","Data Room","Dell","Xeon","ECM","5TSBQ71","THMS","Server","Ren Server",
1/3/2013 15:22:54,"00:16:17:35:a7:e6","None","Data Room","HP","dx2200 MicroTower","dx2200m","MXl62406BF","THMS","Server","DHCP Server",
1/3/2013 15:27:14,,"7MHS7G1","Data Room","Dell","Power Edge 840","Power Edge 840","7MHS7G1","THMS","Server","FCArchive",
1/3/2013 15:30:37,"00:02:b3:b0:5b:9c",,"Data Room","Rollins Technologies",,"KPTBA8E450BLK","ECPP3081013","THMS","Server","Domain Server",
,,,"kitchen","Apple","iMac",,"RN13478FLG8","Weymouth","desktop",,
,,,,,,,,,,,
,"00 14 51 41 96 AA",319396,"RM221","Apple","iBook G4","A1133","4H631H1YVR3","THMS","Laptop",,
,"00 14 51 41 A5 94",331560,"RM221","Apple","iBook G4","A1133","4H631R3DVR3","THMS","Laptop",,
,"00 14 51 41 16 8C",322124,"RM221","Apple","iBook G4","A1133","4H631D8QVR3","THMS","Laptop",,
,"00 14 51 40 FE BA","319700 / 92037","RM221","Apple","iBook G4","A1133","4H631G1XVR3","THMS","Laptop",,
,"00 14 51 9C 73 FA",327640,"RM221","Apple","iBook G4","A1133","4H631LJ5VR3","THMS","Laptop",,
,"00 14 51 41 C4 64",319575,"RM221","Apple","iBook G4","A1133","4H631E27VR3","THMS","Laptop",,
,"00 14 51 41 88 C8",311414,"RM221","Apple","iBook G4","A1133","4H6316J0VR3","THMS","Laptop",,
,"00 14 51 42 03 80",315132,"RM221","Apple","iBook G4","A1133","4H631BJKVR3","THMS","Laptop",,
,"00 14 51 40 4A FA",319787,"RM221","Apple","iBook G4","A1133","4H631F8VVR3","THMS","Laptop",,
,"00 14 51 9C 5F AC",323935,"RM221","Apple","iBook G4","A1133","4H631D11VR3","THMS","Laptop",,
,"00 14 51 41 E7 EE",319544,"RM221","Apple","iBook G4","A1133","4H631FWYVR3","THMS","Laptop",,
,"00 14 51 3E AE 26",320452,"RM221","Apple","iBook G4","A1133","4H631GK6VR3","THMS","Laptop",,
,"00 14 51 41 E9 6C",319615,"RM221","Apple","iBook G4","A1133","4H631GTVVR3","THMS","Laptop",,
,"00 0D 93 AF 97 B8","UV4220WGR74","RM221","Apple","iBook G4","A1054","UV4220WGR74","THMS","Laptop",,
,"00 14 51 41 EE 3C",319223,"RM221","Apple","iBook G4","A1133","4H6317XWVR3","THMS","Laptop",,
,"00 14 51 41 00 BC",319252,"RM221","Apple","iBook G4","A1133","4H631G1UVR3","THMS","Laptop",,
,"00 14 51 40 9A 94",319596,"RM221","Apple","iBook G4","A1133","4H631FJEVR3","THMS","Laptop",,
,"00 14 51 41 20 90",316122,"RM219","Apple","iBook G4","A1133","4H6313JHVR3","THMS","Laptop",,
,"00 14 51 41 BF 32",319773,"RM219","Apple","iBook G4","A1133","4H631ERZVR3","THMS","Laptop",,
,"00 14 51 9C AD 90",301543,"RM219","Apple","iBook G4","A1133","4H631GD9VR3","THMS","Laptop",,
,"00 14 51 3E C2 34","4H631KBUVR3","RM219","Apple","iBook G4","A1133","4H631KBUVR3","THMS","Laptop",,
,"00 14 51 41 F8 4E",320946,"RM219","Apple","iBook G4","A1133","4H631G88VR3","THMS","Laptop",,
,"00 14 51 41 85 16",320941,"RM219","Apple","iBook G4","A1133","4H631G9UVR3","THMS","Laptop",,
,"00 14 51 9C CE D8",329495,"RM219","Apple","iBook G4","A1133","4H631PFJVR3","THMS","Laptop",,
,"00 14 51 40 CD 5E",319534,"RM219","Apple","iBook G4","A1133","4H631BZMVR3","THMS","Laptop",,
,"00 14 51 41 EB 04",319713,"RM219","Apple","iBook G4","A1133","4H631ELYVR3","THMS","Laptop",,
,"00 14 51 42 02 DA",322223,"RM219","Apple","iBook G4","A1133","4H631M4JVR3","THMS","Laptop",,
,"00 14 51 9C D0 42",326944,"RM219","Apple","iBook G4","A1133","4H631L79VR3","THMS","Laptop",,
,"00 14 51 9C B8 FE",326819,"RM219","Apple","iBook G4","A1133","4H631L3FVR3","THMS","Laptop",,
,"00 14 51 42 02 06",319630,"RM219","Apple","iBook G4","A1133","4H631FKKVR3","THMS","Laptop",,
,"00 14 51 9C 89 E4",319541,"RM219","Apple","iBook G4","A1133","4H631GV2VR3","THMS","Laptop",,
,"00 14 51 9C AC 44",320672,"RM219","Apple","iBook G4","A1133","4H631GBHVR3","THMS","Laptop",,
,"00 14 51 41 FA BC",319244,"RM219","Apple","iBook G4","A1133","4H6314HTVR3","THMS","Laptop",,
,"00 0D 93 68 A2 B6","UV4220VPR74","RM219","Apple","iBook G4","A1054","UV4220VPR74","THMS","Laptop",,
,"00 14 51 27 EF 0A",319719,"RM219","Apple","iBook G4","A1133","4H6319HAVR3","THMS","Laptop",,
,"00 15 51 41 11 C8",322122,"RM222","Apple","iBook G4","A1133","4H631LCWVR3","THMS","Laptop",,
,"00 14 51 40 22 AA",300312,"RM222","Apple","iBook G4","A1133","4H6251CCSE4","THMS","Laptop",,
,"00 14 51 AB 55 22",319551,"RM222","Apple","iBook G4","A1133","4H631GMRVR3","THMS","Laptop",,
,"00 14 51 41 20 04",305967,"RM222","Apple","iBook G4","A1133","4H63111E3VR3","THMS","Laptop",,
,"00 14 51 40 FE F6",320509,"RM222","Apple","iBook G4","A1133","4H631GFGVR3","THMS","Laptop",,
,"00 14 51 42 01 1A",319774,"RM222","Apple","iBook G4","A1133","4H631FVRVR3","THMS","Laptop",,
,"00 14 51 9C 81 20",319389,"RM222","Apple","iBook G4","A1133","4H631H0SVR3","THMS","Laptop",,
,"00 14 51 40 57 80",303471,"RM222","Apple","iBook G4","A1133","4H6310L1VR4","THMS","Laptop",,
,"00 14 51 0E 8D D2",322063,"RM222","Apple","iBook G4","A1133","4H631M4HVR3","THMS","Laptop",,
,"00 14 51 9C 81 18",320767,"RM222","Apple","iBook G4","A1133","4H631GVRVR3","THMS","Laptop",,
,"00 14 51 3E D1 54",319593,"RM222","Apple","iBook G4","A1133","4H631GL1VR3","THMS","Laptop",,
,"00 14 51 34 7E 60",322341,"RM222","Apple","iBook G4","A1133","4H631M6UVR3","THMS","Laptop",,
,"00 14 51 9C A9 7A",320764,"RM222","Apple","iBook G4","A1133","4H631G9YVR3","THMS","Laptop",,
,"00 14 51 1C 12 18",319336,"RM222","Apple","iBook G4","A1133","4H6313E3VR3","THMS","Laptop",,
,"00 14 51 41 0A AC",303031,"RM222","Apple","iBook G4","A1133","4H631035VR4","THMS","Laptop",,
,"00 14 51 41 F8 DA",319874,"RM222","Apple","iBook G4","A1133","4H631H1MVR3","THMS","Laptop",,
,"00 14 51 89 97 6E",322078,"RM222","Apple","iBook G4","A1133","4H631KXGVR3","THMS","Laptop",,
,"00 14 51 40 81 86",320988,"RM222","Apple","iBook G4","A1133","4H631GEAVR3","THMS","Laptop",,
,"00 14 51 41 C1 42",319535,"RM222","Apple","iBook G4","A1133","4H631H18VR3","THMS","Laptop",,
,"00 14 51 9C AC 66",327396,"RM222","Apple","iBook G4","A1133","4H631KVEVR3","THMS","Laptop",,
,"00 14 51 40 CA 92",320704,"RM222","Apple","iBook G4","A1133","4H631GYPVR3","THMS","Laptop",,
,"00 14 51 41 E9 36",322394,"RM218","Apple","iBook G4","A1133","4H631GD3VR3","THMS","Laptop",,
,"00 14 51 41 E2 40",320768,"RM218","Apple","iBook G4","A1133","4H631GVFVR3","THMS","Laptop",,
,"00 14 51 41 EB A6",319595,"RM218","Apple","iBook G4","A1133","4H631GV1VR3","THMS","Laptop",,
,"00 14 51 41 B8 6C",339692,"RM218","Apple","iBook G4","A1133","4H631VTRVR3","THMS","Laptop",,
,"00 14 51 9C 57 12",322946,"RM218","Apple","iBook G4","A1133","4H631MD8VR3","THMS","Laptop",,
,"00 11 24 47 65 58",326347,"RM218","Apple","iBook G4","A1133","4H631KJ6VR3","THMS","Laptop",,
,"00 14 51 40 28 B2",319632,"RM218","Apple","iBook G4","A1133","4H631EL9VR3","THMS","Laptop",,
,"00 14 51 41 FB D2",319018,"RM218","Apple","iBook G4","A1133","4H631FTPVR3","THMS","Laptop",,
,"00 14 51 9C CF 46",322331,"RM218","Apple","iBook G4","A1133","4H631LYDVR3","THMS","Laptop",,
,"00 14 51 41 98 6C",319317,"RM218","Apple","iBook G4","A1133","4H631EPTVR3","THMS","Laptop",,
,"00 14 51 41 84 B4",319665,"RM218","Apple","iBook G4","A1133","4H631GP2VR3","THMS","Laptop",,
,"00 14 51 3E B0 CA",322200,"RM218","Apple","iBook G4","A1133","4H631M5FVR3","THMS","Laptop",,
,"00 14 51 9C A8 FA",322462,"RM218","Apple","iBook G4","A1133","4H631HMHVR3","THMS","Laptop",,
,"00 14 51 3E D1 7E",319835,"RM218","Apple","iBook G4","A1133","4H631GLJVR3","THMS","Laptop",,
,"00 14 51 41 DE 5E",319764,"RM218","Apple","iBook G4","A1133","4H631E0HVR3","THMS","Laptop",,
,"00 14 51 41 22 D2",319668,"RM218","Apple","iBook G4","A1133","4H6316WTVR3","THMS","Laptop",,
,"00 14 51 41 F7 02",319557,"RM218","Apple","iBook G4","A1133","4H631ERCVR3","THMS","Laptop",,
,"00 14 51 42 0D 7E",322091,"RM218","Apple","iBook G4","A1133","4H63159TVR3","THMS","Laptop",,
,"00 14 51 41 18 98",305980,"RM218","Apple","iBook G4","A1133","4H6312AFVR3","THMS","Laptop",,
,"00 0A 95 C0 ED DA","UV4220N9R73","RM218","Apple","iBook G4","A1133","UV4220N9R73","THMS","Laptop",,
,"00 14 51 40 33 D0",320745,"RM217","Apple","iBook G4","A1133","4H631GFSVR3","THMS","Laptop",,
,"00 14 51 9C CC E4",322228,"RM217","Apple","iBook G4","A1133","4H631LZAVR3","THMS","Laptop",,
,"00 14 51 9C D2 E4",321060,"RM217","Apple","iBook G4","A1133","4H631KQ9VR3","THMS","Laptop",,
,"00 14 51 41 0A 6 E",338258,"RM217","Apple","iBook G4","A1133","4H63106NVR4","THMS","Laptop",,
,"00 14 51 9C D2 4A",322092,"RM217","Apple","iBook G4","A1133","4H631LKHVR3","THMS","Laptop",,
,"00 14 51 9C A7 48",320840,"RM217","Apple","iBook G4","A1133","4H631GT0VR3","THMS","Laptop",,
,"00 14 51 41 95 82",322051,"RM217","Apple","iBook G4","A1133","4H631L91VR3","THMS","Laptop",,
,"00 14 51 41 96 A0",320846,"RM217","Apple","iBook G4","A1133","4H631FKHVR3","THMS","Laptop",,
,"00 14 51 41 21 9C",320707,"RM217","Apple","iBook G4","A1133","4H631FMDVR3","THMS","Laptop",,
,"00 14 51 9C B8 9E",322459,"RM217","Apple","iBook G4","A1133","4H631LZVVR3","THMS","Laptop",,
,"00 14 51 43 10 B4",319060,"RM217","Apple","iBook G4","A1133","4H631GKJVR3","THMS","Laptop",,
,"00 14 51 41 E8 76",320749,"RM217","Apple","iBook G4","A1133","4H631GU3VR3","THMS","Laptop",,
,"00 14 51 9C B0 06",322126,"RM217","Apple","iBook G4","A1133","4H631LWFVR3","THMS","Laptop",,
,"00 14 51 41 EA 24",316138,"RM217","Apple","iBook G4","A1133","4H631DVYVR3","THMS","Laptop",,
,"00 14 51 9C AD 0C",322094,"RM217","Apple","iBook G4","A1133","4H631HEQVR3","THMS","Laptop",,
,"00 14 51 41 E9 48",321147,"RM217","Apple","iBook G4","A1133","4H631HKKVR3","THMS","Laptop",,
,"00 14 51 41 12 DE",319532,"RM217","Apple","iBook G4","A1133","4H631DXQVR3","THMS","Laptop",,
,"00 14 51 3E C9 C0",316029,"RM217","Apple","iBook G4","A1133","4H631CA8VR3","THMS","Laptop",,
,"00 14 51 AB 13 2C",319229,"RM217","Apple","iBook G4","A1133","4H631AZJVR3","THMS","Laptop",,
,"00 14 51 41 93 DA",319426,"RM217","Apple","iBook G4","A1133","4H631H1WVR3","THMS","Laptop",,
,"00 14 51 41 B9 4E",311280,"RM216","Apple","iBook G4","A1133","4H6315CPVR3","THMS","Laptop",,
,"00 14 51 AB 64 2A",331462,"RM216","Apple","iBook G4","A1133","4H631P9DVR3","THMS","Laptop",,
,"00 14 51 41 E1 AA",319754,"RM216","Apple","iBook G4","A1133","4H631GTQVR3","THMS","Laptop",,
,"00 14 51 41 D2 E8",320703,"RM216","Apple","iBook G4","A1133","4H6313F5VR3","THMS","Laptop",,
,"00 14 51 41 F4 00",322093,"RM216","Apple","iBook G4","A1133","4H631AERVR3","THMS","Laptop",,
,"00 14 51 40 CA A6",318633,"RM216","Apple","iBook G4","A1133","4H631BUYVR3","THMS","Laptop",,
,"00 14 51 41 96 74",322458,"RM216","Apple","iBook G4","A1133","4H631M6TVR3","THMS","Laptop",,
,"00 14 51 41 BE BC",322197,"RM216","Apple","iBook G4","A1133","4H631M4UVR3","THMS","Laptop",,
,"00 14 51 3E A7 2E",319224,"RM216","Apple","iBook G4","A1133","4H631DYQVR3","THMS","Laptop",,
,"00 14 51 9C A6 66",320680,"RM216","Apple","iBook G4","A1133","4H631FKYVR3","THMS","Laptop",,
,"00 14 51 40 3D E6",320838,"RM216","Apple","iBook G4","A1133","4H631G0DVR3","THMS","Laptop",,
,"00 14 51 9C A7 D4",319397,"RM216","Apple","iBook G4","A1133","4H631FK6VR3","THMS","Laptop",,
,"00 0A 95 D4 6B 10","UV4220WJR74","RM216","Apple","iBook G4","A1054","UV4220WJR74","THMS","Laptop",,
,"00 14 51 3E D2 14",322455,"RM216","Apple","iBook G4","A1133","4H631B5EVR3","THMS","Laptop",,
,"00 14 51 41 ED 1C",320781,"RM216","Apple","iBook G4","A1133","4H631GS5VR3","THMS","Laptop",,
,"00 14 51 0E DD B4",320742,"RM216","Apple","iBook G4","A1133","4H631GCGVR3","THMS","Laptop",,
,"00 14 51 42 02 64",319554,"RM216","Apple","iBook G4","A1133","4H631FLFVR3","THMS","Laptop",,
,"00 14 51 41 EA 5E",320480,"RM216","Apple","iBook G4","A1133","4H631FDTVR3","THMS","Laptop",,
,"000A95950C46","XB33408MPC1","RM110","Apple","PowerMac G4","M8570","XB33408MPC1","THMS","Desktop",,
,"0005027106DA","XB9040BUDKJ","RM110","Apple","Macintosh Server G3","M5183","XB9040BUDKJ","THMS","Desktop",,
,"00 05 02 37 D5 A4","SG852M5ZFPZ","RM110","Apple","PowerMac G3","M5183","SG852M5ZFPZ","THMS","Desktop",,
,"00 60 97 25 57 F9","6107DYSZE093","RM110","Compaq","Deskpro EN","ENL/P733/20e/8/256a US","6107DYSZE093","THMS","Desktop",,
,"0018E7074F88","6107DYSZE400","RM110","Compaq","Deskpro EN","ENL/P733/20e/8/256a US","6107DYSZE400","THMS","Desktop",,
,,"7VM3Q31","RM110","Dell","Dimension 2400","MTC2","7VM3Q31","THMS","Desktop",,
,,"J66GX41","RM110","Dell","Dimension 4600","DMC","J66GX41","THMS","Desktop",,
,,"6107DYSZJ723","RM110","Compaq","Deskpro EN","ENL/P733/20e/8/256a US","6107DYSZJ723","THMS","Desktop",,
,,"6107DYSZA054","RM110","Compaq","Deskpro EN","ENL/P733/20e/8/256a US","6107DYSZA054","THMS","Desktop",,
,,"6107DYSZJ688","RM110","Compaq","Deskpro EN","ENL/P733/20e/8/256a US","6107DYSZJ688","THMS","Desktop",,
,,"6107DYSZE395","RM110","Compaq","Deskpro EN","ENL/P733/20e/8/256a US","6107DYSZE395","THMS","Desktop",,
,,"24CL641","RM110","Dell","Optiplex GX270","DHS","24CL641","THMS","Desktop",,
,"None","917160200883000015X5U131","RM110","Acer","AcerView 54e","7254e","917160200883000015X5U131","THMS","13"" CRT",,
,"None","ADSK90622256","RM110","AOC","Spectrum 4V","4V","ADSK90622256","THMS","13"" CRT",,
,"None","MX0Y13524760541GBMR0","RM110","Dell",,"E773s","MX0Y13524760541GBMR0","THMS","15"" CRT",,
,"None","MX0832DX4780105PH0VE","RM110","Dell",,"E770p","MX0832DX4780105PH0VE","THMS","15"" CRT",,
,"None","MX0Y13524760541GBN05","RM110","Dell",,"E773s","MX0Y13524760541GBN05","THMS","15"" CRT",,
,"None","CN0Y1352476094BMBTMU","RM110","Dell",,"E773s","CN0Y1352476094BMBTMU","THMS","15"" CRT",,
,,"20611955HRY","RM110","GCC","Elite 21N","Elite 21N","20611955HRY","THMS","Printer",,
,,"MXM82601BW","RM110","HP","dx2400 MicroTower","HG069AV (HP lookup)","MXM82601BW","THMS","Desktop",,
,"00 11 24 CA 96 9A","YM5281LPSCG","RM110","Apple","eMac","A1002","YM5281LPSCG","THMS","Desktop",,
,"00 03 93 06 0C FE","YM1261QZLG8","RM110","Apple","iMac","M5521","YM1261QZLG8","THMS","Desktop",,
,"00 14 51 00 74 56","YM5251T1SCH","RM110","Apple","eMac","A1002","YM5251T1SCH","THMS","Desktop",,
,"00 11 24 CA 97 D2","YM52817JSCG","RM110","Apple","eMac","A1002","YM52817JSCG","THMS","Desktop",,
,"00 03 93 9E A8 8A","G82293ARMB6","RM119","Apple","iMac","M5521","G82293ARMB6","THMS","Desktop","Lovejoy",
,"00 03 93 16 9B EA","YM1282HQLFB","RM119","Apple","iMac","M5521","YM1282HQLFB","THMS","Desktop","Lovejoy",
,"00 14 51 40 DA D8",320790,"Mr Thurston's","Apple","iBook G4","A1133","4H631C2PVR3","THMS","Laptop","Thurston",
,"None","T 41382","RM118","InFocus","Projector X2","X2","AMMC42100966","THMS","Projector","Coombs",
,"None","T 49372","RM119","Dell","Projector 1200MP","1200MP","G3CFX81","THMS","Projector","Lovejoy",
,"00 14 51 40 37 C8",322182,"RM123A","Apple","iBook G4","A1133","4H631GB4VR3","THMS","Laptop","Cunningham",
,"None","T 48834","RM124","Epson","EMP-S5 Projector","EMP-S5","JWUF7X3952L","THMS","Projector","Bari",
,"00 14 51 19 4D B4",322064,"RM124","Apple","iBook G4","A1133","4H631HFMVR3","THMS","Laptop","Bari",
,"None","T 66380","RM117","Epson","H283A Projector","H283A","L5JF920103L","THMS","Projector","Gallagher",
,"00 0D 93 4C 22 50","G85232LLSCF","RM117","Apple","eMac","A1002","G85232LLSCF","THMS","Desktop","Gallagher",
,"None","L5JF971376L","RM219","Epson","H283A Projector","H283A","L5JF971376L","THMS","Projector","Magoon",
,"None","T 66307","RM222","InFocus","IN2102EP","IN2102EP","AZMB82800636","THMS","Projector","Doucette",
,"None","T 60691","RM218","Epson","H283A Projector","H283A","L5JF920218L","THMS","Projector","Jagger",
,"None","T 66885","RM217","Epson","H283A Projector","H283A","L5JF920107L","THMS","Projector","Danielson",
,"None","T 65141","RM216","Epson","H283A Projector","H283A","L5JF920219L","THMS","Projector","Davis",
,"None","T 49226","RM215","Epson","EMP-S5 Projector","EMP-S5","JWUF7X3944L","THMS","Projector","Fecteau",
,"00 0D 93 45 55 AC","G84460R1QQH","RM212","Apple","eMac","A1002","G84460R1QQH","THMS","Projector","Hicock",
,"None","99L537201130400586TAB011","RM212","BenQ","FP767","FP767","99L537201130400586TAB011","THMS","Monitor","Hicock",
,"None","T 48934","RM212","Epson","H283A Projector","H283A","L5JF932793L","THMS","Projector","Hicock",
,"None","T 66962","RM212","Epson","EMP-53 Projector","EMP-53","EYM0380951K","THMS","Projector","Hicock",
,"None","C1MI67HC501649N","RM212","Samsung","SDP-860","SDP-860","C1MI67HC501649N","THMS","Projector","Hicock",
